time_min,time_hr,vol_base_geom_m3,mass_base_kg,mass_top_kg,cum_entrained_kg,cum_stripped_kg,cum_base_loss_kg,max_ppm_z,p95_ppm_z,area_danger_km2,area_lethal_km2,pop_danger,pop_lethal,expected_fatalities,max_flow_speed_mps,mean_exposure_min,max_exposure_min,max_Pdeath
0.0,0.0,71798063104.0,124724215808.0,759820096.0,759820251.5625,0.0,75981544.09694046,1000000.0,420.0,368.875,367.375,125179.7578125,125031.0234375,124999.5,21.935441970825195,0.035484835505485535,3.0,1.0
5.0,0.08333333333333333,71564566528.0,123351015424.0,1503716608.0,1503718297.6875,0.0,150370877.62499976,1000000.0,420.0,754.875,751.0,141616.734375,141300.375,141143.28125,27.012916564941406,0.1635221689939499,9.0,1.0
10.0,0.16666666666666666,71439351808.0,122353614848.0,2240735232.0,2240738215.1875,0.0,224072402.45679352,1000000.0,420.0,1058.8125,1051.6875,142141.703125,140414.859375,140259.53125,28.63571548461914,0.3529760241508484,15.0,1.0
15.0,0.25,71359635456.0,121477177344.0,2972192256.0,2972198280.8125,0.0,297217945.65757763,1000000.0,420.0,1188.1875,1180.9375,143423.21875,140651.0625,140627.71875,30.309329986572266,0.46716517210006714,18.0,1.0
20.0,0.3333333333333333,71305232384.0,120648007680.0,3698545920.0,3698560863.25,0.0,369853743.7091373,1000000.0,420.0,1397.5625,1388.0,152609.859375,148306.109375,148652.09375,30.957441329956055,0.7265956997871399,24.0,1.0
25.0,0.4166666666666667,71267082240.0,119841898496.0,4420001280.0,4420024427.375,0.0,441999643.0792665,1000000.0,24312.623046875,1558.375,1547.5625,162391.03125,156518.34375,156661.703125,30.864944458007812,1.0189447402954102,30.0,1.0
30.0,0.5,71240155136.0,119048544256.0,5136666624.0,5136692982.0,0.0,513666044.6504297,1000000.0,462329.4375,1624.4375,1613.5,168240.46875,161669.109375,161989.21875,30.842390060424805,1.1750015020370483,33.0,1.0
35.0,0.5833333333333334,71220756480.0,118263988224.0,5848601600.0,5848629681.625,0.0,584859263.5030223,1000000.0,1000000.0,1741.375,1728.1875,182240.6875,173906.109375,174169.234375,30.858558654785156,1.504462480545044,39.0,1.0
40.0,0.6666666666666666,71206346752.0,117485535232.0,6555846144.0,6555877774.0625,0.0,655583624.8286469,1000000.0,1000000.0,1840.9375,1827.875,194324.9375,186360.59375,186492.8125,30.883529663085938,1.8537776470184326,45.0,1.0
45.0,0.75,71194959872.0,116712603648.0,7258432000.0,7258471737.8125,0.0,725842576.091148,1000000.0,1000000.0,1887.1875,1872.5,201723.15625,192820.4375,192784.234375,30.896148681640625,2.035155773162842,48.0,1.0
50.0,0.8333333333333334,71185408000.0,115944701952.0,7956389376.0,7956443461.75,0.0,795639306.2749875,1000000.0,1000000.0,1966.0,1950.8125,213329.25,203061.734375,204129.46875,30.896648406982422,2.4095592498779297,54.0,1.0
55.0,0.9166666666666666,71176970240.0,115182403584.0,8649748480.0,8649824333.1875,0.0,864976954.3889536,1000000.0,1000000.0,2039.5,2022.5625,224537.609375,214209.5625,214761.875,30.887590408325195,2.798283100128174,60.0,1.0
60.0,1.0,71169400832.0,114425593856.0,9338543104.0,9338648051.3125,0.0,933858890.00483,1000000.0,1000000.0,2073.6875,2056.8125,229555.984375,219090.15625,219717.53125,30.864253997802734,2.9977269172668457,63.0,1.0
65.0,1.0833333333333333,71162765312.0,113673773056.0,10022807552.0,10022945819.375,0.0,1002288233.5049151,1000000.0,1000000.0,2136.0625,2118.1875,239854.796875,227284.625,228559.265625,30.840076446533203,3.405569076538086,69.0,1.0
70.0,1.1666666666666667,71156817920.0,112927375360.0,10702575616.0,10702748857.8125,0.0,1070268106.7092854,1000000.0,1000000.0,2193.3125,2173.625,248693.703125,236112.5625,237826.203125,30.81403350830078,3.8247592449188232,75.0,1.0
75.0,1.25,71151116288.0,112185524224.0,11377883136.0,11378087635.0,0.0,1137801556.7888942,1000000.0,1000000.0,2219.5,2200.625,252928.03125,240065.671875,241986.921875,30.758214950561523,4.0383501052856445,78.0,1.0
80.0,1.3333333333333333,71145816064.0,111447990272.0,12048761856.0,12048988102.3125,0.0,1204891178.7065206,1000000.0,1000000.0,2270.3125,2251.375,263546.0,248885.515625,250714.5,30.705991744995117,4.47291374206543,84.0,1.0
85.0,1.4166666666666667,71140827136.0,110715142144.0,12715242496.0,12715477380.3125,0.0,1271539684.2463639,1000000.0,1000000.0,2311.3125,2292.125,280861.0625,265046.5625,267459.84375,30.650920867919922,4.915852069854736,90.0,1.0
90.0,1.5,71136395264.0,109986701312.0,13377344512.0,13377582838.0,0.0,1337749810.6804295,1000000.0,1000000.0,2329.125,2310.6875,292851.65625,276558.53125,278033.40625,30.609439849853516,5.140060901641846,93.0,1.0
95.0,1.5833333333333333,71132250112.0,109262938112.0,14035088384.0,14035331509.0,0.0,1403524261.1393902,1000000.0,1000000.0,2361.375,2341.0,314864.65625,299239.90625,302009.34375,30.530792236328125,5.593079090118408,99.0,1.0
100.0,1.6666666666666667,71128440832.0,108544147456.0,14688502784.0,14688752342.0625,0.0,1468865930.622423,1000000.0,1000000.0,2392.875,2371.4375,335865.1875,319383.5,321192.03125,30.472103118896484,6.05219841003418,105.0,1.0
105.0,1.75,71124869120.0,107831099392.0,15337621504.0,15337877084.8125,0.0,1533777993.795296,1000000.0,1000000.0,2406.8125,2386.3125,345581.3125,328419.875,331368.375,30.38552474975586,6.283902645111084,108.0,1.0
110.0,1.8333333333333333,71121436672.0,107123449856.0,15982475264.0,15982740576.8125,0.0,1598263934.5115082,1000000.0,1000000.0,2433.125,2411.6875,368115.0,346141.46875,348937.25,30.288249969482422,6.750942230224609,114.0,1.0
115.0,1.9166666666666667,71118135296.0,106420125696.0,16623089664.0,16623371332.5,0.0,1662326604.3824499,1000000.0,1000000.0,2456.1875,2433.875,388584.1875,364663.46875,368917.90625,30.21153450012207,7.2225518226623535,120.0,1.0
120.0,2.0,71115128832.0,105721044992.0,17259489280.0,17259794830.875,0.0,1725968551.3053696,1000000.0,1000000.0,2465.6875,2445.4375,398984.0625,376478.0625,380758.40625,30.139930725097656,7.4598493576049805,123.0,1.0
125.0,2.0833333333333335,71112425472.0,105026199552.0,17891704832.0,17892036608.4375,0.0,1789192328.679664,1000000.0,1000000.0,2482.625,2461.875,414894.15625,394444.40625,398684.9375,30.069032669067383,7.936932563781738,129.0,1.0
130.0,2.1666666666666665,71109935104.0,104335663104.0,18519767040.0,18520122092.5625,0.0,1852000479.1200964,1000000.0,1000000.0,2497.875,2476.5625,436328.03125,411718.96875,414949.1875,29.996753692626953,8.416779518127441,135.0,1.0
135.0,2.25,71107616768.0,103649566720.0,19143700480.0,19144077622.625,0.0,1914395636.8818045,1000000.0,1000000.0,2504.375,2482.875,445819.15625,418788.3125,424001.9375,29.92308807373047,8.65762996673584,138.0,1.0
140.0,2.3333333333333335,71105470464.0,102968147968.0,19763523584.0,19763930361.125,0.0,1976380518.2473955,1000000.0,1000000.0,2518.3125,2495.8125,462813.0625,435758.0,439644.8125,29.848196029663086,9.14141845703125,144.0,1.0
145.0,2.4166666666666665,71103455232.0,102291644416.0,20379269120.0,20379709416.8125,0.0,2037958033.921737,1000000.0,1000000.0,2530.9375,2508.8125,479130.5625,451502.125,455821.3125,29.771892547607422,9.627779960632324,150.0,1.0
150.0,2.5,71101538304.0,101619630080.0,20990967808.0,20991443118.6875,0.0,2099131016.7031162,1000000.0,1000000.0,2537.0,2514.8125,486184.875,459832.25,463088.5,29.694347381591797,9.871819496154785,153.0,1.0
155.0,2.5833333333333335,71099727872.0,100951924736.0,21598642176.0,21599157673.5,0.0,2159902087.25028,1000000.0,1000000.0,2549.0625,2526.9375,495784.90625,474334.34375,478362.3125,29.615646362304688,10.361811637878418,159.0,1.0
160.0,2.6666666666666665,71097974784.0,100288593920.0,22202318848.0,22202879111.8125,0.0,2220273848.8600125,1000000.0,1000000.0,2560.3125,2538.25,511759.59375,483104.6875,488704.0625,29.5361270904541,10.854094505310059,165.0,1.0
165.0,2.75,71096254464.0,99629522944.0,22802026496.0,22802633334.125,0.0,2280248891.0296783,1000000.0,1000000.0,2565.75,2543.6875,516916.59375,493219.09375,497438.75,29.455780029296875,11.10096263885498,168.0,1.0
170.0,2.8333333333333335,71094616064.0,98974777344.0,23397789696.0,23398446023.5,0.0,2339829782.562909,1000000.0,1000000.0,2576.5625,2554.0625,529857.5,501029.0,507127.875,29.375032424926758,11.596524238586426,174.0,1.0
175.0,2.9166666666666665,71093018624.0,98324594688.0,23989633024.0,23990343772.3125,0.0,2399019182.3465004,1000000.0,1000000.0,2587.6875,2563.875,537823.875,513609.9375,519460.875,29.29401969909668,12.094209671020508,180.0,1.0
180.0,3.0,71091437568.0,97678934016.0,24577591296.0,24578354158.6875,0.0,2457819848.59502,1000000.0,1000000.0,2593.4375,2568.9375,545373.5625,516268.28125,522878.34375,29.212934494018555,12.343865394592285,183.0,1.0
185.0,3.0833333333333335,71089889280.0,97037434880.0,25161687040.0,25162503212.3125,0.0,2516234384.064029,1000000.0,1000000.0,2604.5,2579.1875,555905.5,526328.6875,532458.0,29.131446838378906,12.844900131225586,189.0,1.0
190.0,3.1666666666666665,71088390144.0,96400039936.0,25741944832.0,25742815553.5625,0.0,2574265250.6885877,1000000.0,1000000.0,2616.1875,2589.75,565394.875,534359.75,541709.6875,29.049514770507812,13.348220825195312,195.0,1.0
195.0,3.25,71086923776.0,95766691840.0,26318391296.0,26319315647.375,0.0,2631914894.6945505,1000000.0,1000000.0,2622.625,2595.875,569696.25,537731.0,545113.8125,28.967191696166992,13.6007719039917,198.0,1.0
200.0,3.3333333333333335,71085424640.0,95137406976.0,26891044864.0,26892027814.125,0.0,2689185748.5828195,1000000.0,1000000.0,2634.1875,2606.5625,575047.875,543937.5,554413.0,28.884376525878906,14.107393264770508,204.0,1.0
205.0,3.4166666666666665,71083687936.0,94512218112.0,27459942400.0,27460976533.875,0.0,2746080260.0820913,1000000.0,1000000.0,2643.75,2617.375,582204.3125,553791.75,562065.25,28.80133819580078,14.615936279296875,210.0,1.0
210.0,3.5,71082229760.0,93891158016.0,28025098240.0,28026186518.1875,0.0,2802600900.7506676,1000000.0,1000000.0,2649.25,2621.4375,584827.875,556735.875,564791.625,28.71785545349121,14.870909690856934,213.0,1.0
215.0,3.5833333333333335,71080804352.0,93274152960.0,28586539008.0,28587682257.0,0.0,2858750118.834687,1000000.0,1000000.0,2658.0625,2630.5625,589614.5,561356.75,569741.4375,28.634428024291992,15.382096290588379,219.0,1.0
220.0,3.6666666666666665,71079370752.0,92661252096.0,29144289280.0,29145488313.125,0.0,2914530371.1961412,1000000.0,1000000.0,2666.9375,2638.375,595601.5,565973.3125,574855.25,28.550960540771484,15.894933700561523,225.0,1.0
225.0,3.75,71077904384.0,92052520960.0,29698373632.0,29699629269.25,0.0,2969944115.722854,1000000.0,1000000.0,2670.625,2642.6875,598787.4375,568755.25,577452.8125,28.467540740966797,16.15191650390625,228.0,1.0
230.0,3.8333333333333335,71076446208.0,91447771136.0,30248820736.0,30250130182.8125,0.0,3024993858.550398,1000000.0,1000000.0,2677.875,2651.0,602982.375,574063.125,581615.125,28.384586334228516,16.667062759399414,234.0,1.0
235.0,3.9166666666666665,71074955264.0,90846478336.0,30795636736.0,30797013152.3125,0.0,3079681809.157781,1000000.0,1000000.0,2683.75,2657.25,606156.0625,576997.25,585163.6875,28.30157470703125,17.183406829833984,240.0,1.0
240.0,4.0,71073472512.0,90248814592.0,31338866688.0,31340298797.1875,0.0,3134010029.454263,1000000.0,1000000.0,2687.5625,2660.0,608741.125,578494.4375,587078.75,28.218690872192383,17.442094802856445,243.0,1.0
245.0,4.083333333333333,71071752192.0,89655058432.0,31878514688.0,31880010486.6875,0.0,3187980856.694146,1000000.0,1000000.0,2693.375,2666.3125,612792.375,581844.5625,591094.5,28.136241912841797,17.960411071777344,249.0,1.0
250.0,4.166666666666667,71069974528.0,89064710144.0,32414615552.0,32416169819.0,0.0,3241596450.246858,1000000.0,1000000.0,2700.4375,2672.9375,619669.75,586424.375,595930.9375,28.053955078125,18.47991180419922,255.0,1.0
255.0,4.25,71068237824.0,88478334976.0,32947163136.0,32948798780.625,0.0,3294859009.1717596,1000000.0,1000000.0,2703.5,2675.5,621838.0,588154.25,598418.25,27.971691131591797,18.740114212036133,258.0,1.0
260.0,4.333333333333333,71066550272.0,87895547904.0,33476202496.0,33477920486.0625,0.0,3347770844.509994,1000000.0,1000000.0,2708.75,2681.5625,625587.5625,592061.5,602790.375,27.88975715637207,19.26148223876953,264.0,1.0
265.0,4.416666666666667,71064903680.0,87316488192.0,34001758208.0,34003556166.09375,0.0,3400334079.549874,1000000.0,1000000.0,2713.75,2686.5625,628899.5625,596376.625,607443.625,27.80811309814453,19.784029006958008,270.0,1.0
270.0,4.5,71063322624.0,86741303296.0,34523836416.0,34525729666.96875,0.0,3452551098.933719,1000000.0,1000000.0,2716.3125,2688.75,630970.75,598123.125,609671.125,27.726673126220703,20.045690536499023,273.0,1.0
275.0,4.583333333333333,71061782528.0,86169714688.0,35042471936.0,35044462280.59375,0.0,3504424031.7176204,1000000.0,1000000.0,2721.1875,2693.625,636145.125,602596.9375,613889.25,27.645397186279297,20.569766998291016,279.0,1.0
280.0,4.666666666666667,71060283392.0,85602115584.0,35557699584.0,35559777835.0,0.0,3555955260.8475595,1000000.0,1000000.0,2726.3125,2697.9375,640858.5,607392.625,618052.1875,27.564523696899414,21.094831466674805,285.0,1.0
285.0,4.75,71058841600.0,85038145536.0,36069527552.0,36071698205.15625,0.0,3607146973.629494,1000000.0,1000000.0,2728.625,2700.375,642954.875,609071.75,619966.125,27.48368263244629,21.357730865478516,288.0,1.0
290.0,4.833333333333333,71057432576.0,84478738432.0,36577984512.0,36580248272.90625,0.0,3658001658.3187346,1000000.0,1000000.0,2733.75,2704.9375,648234.875,613905.25,623751.0,27.403181076049805,21.8843936920166,294.0,1.0
295.0,4.916666666666667,71056064512.0,83923910656.0,37083107328.0,37085455715.53125,0.0,3708522082.418093,1000000.0,1000000.0,2738.9375,2709.75,651783.5,617824.5,627828.0625,27.322927474975586,22.412017822265625,300.0,1.0
300.0,5.0,71054761984.0,83373187072.0,37584896000.0,37587346894.53125,0.0,3758710882.420115,1000000.0,1000000.0,2741.3125,2711.6875,654867.0625,619655.75,629821.75,27.243013381958008,22.676191329956055,303.0,1.0
305.0,5.083333333333333,71053508608.0,82825953280.0,38083403776.0,38085944162.53125,0.0,3808570293.3948083,1000000.0,1000000.0,2746.375,2716.0,662253.625,624679.9375,635393.6875,27.16356086730957,23.205354690551758,309.0,1.0
310.0,5.166666666666667,71052320768.0,82282397696.0,38578626560.0,38581269153.40625,0.0,3858102479.067081,1000000.0,1000000.0,2752.1875,2720.375,668852.625,629491.125,640172.1875,27.084123611450195,23.73546028137207,315.0,1.0
315.0,5.25,71051173888.0,81742102528.0,39070597120.0,39073342655.4375,0.0,3907309517.619286,1000000.0,1000000.0,2754.25,2722.0,672126.875,631324.0625,642618.375,27.004852294921875,24.00092124938965,318.0,1.0
320.0,5.333333333333333,71050059776.0,81205354496.0,39559340032.0,39562184973.625,0.0,3956193440.0079184,1000000.0,1000000.0,2758.1875,2726.5,678547.9375,637115.625,648657.5,26.925527572631836,24.532649993896484,324.0,1.0
325.0,5.416666666666667,71048978432.0,80671825920.0,40044875776.0,40047816522.125,0.0,4004756287.2106953,1000000.0,1000000.0,2763.0625,2730.6875,682721.3125,640810.375,653577.4375,26.84642219543457,25.065269470214844,330.0,1.0
330.0,5.5,71047929856.0,80141778944.0,40527204352.0,40530257266.75,0.0,4053000056.062842,1000000.0,1000000.0,2765.6875,2732.625,685332.625,643080.1875,655848.875,26.76709747314453,25.331926345825195,333.0,1.0
335.0,5.583333333333333,71046897664.0,79615041536.0,41006383104.0,41009527682.75,0.0,4100926794.002211,1000000.0,1000000.0,2771.375,2736.8125,690707.125,646196.875,659803.3125,26.688013076782227,25.865951538085938,339.0,1.0
340.0,5.666666666666667,71045890048.0,79091720192.0,41482399744.0,41485647880.8125,0.0,4148538512.278779,1000000.0,1000000.0,2776.125,2741.4375,695226.25,651587.75,664470.0625,26.608739852905273,26.400808334350586,345.0,1.0
345.0,5.75,71044956160.0,78571675648.0,41955295232.0,41958638065.46875,0.0,4195837231.152853,1000000.0,1000000.0,2778.6875,2743.875,698325.75,653811.8125,667043.0,26.52956771850586,26.668607711791992,348.0,1.0
350.0,5.833333333333333,71044014080.0,78055014400.0,42425069568.0,42428517950.125,0.0,4242824921.869028,1000000.0,1000000.0,2783.9375,2748.3125,702245.1875,658579.25,672312.875,26.450223922729492,27.205114364624023,354.0,1.0
355.0,5.916666666666667,71043031040.0,77541646336.0,42891759616.0,42895307914.09375,0.0,4289503622.6178374,1000000.0,1000000.0,2789.1875,2752.5,707140.5,662800.25,677708.5,26.371091842651367,27.742496490478516,360.0,1.0
360.0,6.0,71042097152.0,77031628800.0,43355365376.0,43359027592.71875,0.0,4335875296.666184,1000000.0,1000000.0,2791.5,2755.625,709262.625,666371.625,680587.25,26.291963577270508,28.011533737182617,363.0,1.0
365.0,6.083333333333333,71041277952.0,76524896256.0,43815936000.0,43819697183.53125,0.0,4381941963.819867,1000000.0,1000000.0,2796.8125,2760.5625,713332.0625,670114.75,685432.9375,26.212791442871094,28.55042839050293,369.0,1.0
370.0,6.166666666666667,71040516096.0,76021440512.0,44273455104.0,44277336001.625,0.0,4427705555.704494,1000000.0,1000000.0,2801.125,2765.625,718859.75,675274.0,690132.625,26.133777618408203,29.090351104736328,375.0,1.0
375.0,6.25,71039672320.0,75521343488.0,44727967744.0,44731964228.40625,0.0,4473168090.48023,1000000.0,1000000.0,2803.25,2767.875,719940.875,677541.0625,692399.0,26.05448341369629,29.36065673828125,378.0,1.0
380.0,6.333333333333333,71038894080.0,75024424960.0,45179490304.0,45183601402.03125,0.0,4518331521.778578,1000000.0,1000000.0,2808.9375,2772.4375,724292.25,680551.125,696952.5,25.975540161132812,29.90190887451172,384.0,1.0
385.0,6.416666666666667,71038074880.0,74530922496.0,45628043264.0,45632267197.25,0.0,4563197817.158223,1000000.0,1000000.0,2812.875,2776.6875,730327.25,684219.125,701528.8125,25.896366119384766,30.444074630737305,390.0,1.0
390.0,6.5,71037378560.0,74040745984.0,46073638912.0,46077982060.90625,0.0,4607769021.227833,1000000.0,1000000.0,2815.1875,2779.0625,732642.0,686360.875,703679.9375,25.817264556884766,30.715469360351562,393.0,1.0
395.0,6.583333333333333,71036706816.0,73554124800.0,46516305920.0,46520766249.9375,0.0,4652047159.688364,1000000.0,1000000.0,2820.125,2783.0,737224.75,689205.875,707279.1875,25.738250732421875,31.258981704711914,399.0,1.0
400.0,6.666666666666667,71036084224.0,73071304704.0,46956060672.0,46960642111.75,0.0,4696034467.40835,1000000.0,1000000.0,2824.3125,2787.875,740719.0,693952.9375,710754.3125,25.659191131591797,31.80339813232422,405.0,1.0
405.0,6.75,71035494400.0,72591998976.0,47392931840.0,47397631652.0625,0.0,4739733144.7164955,1000000.0,1000000.0,2826.6875,2790.0,742455.375,696533.75,712713.375,25.580434799194336,32.075927734375,408.0,1.0
410.0,6.833333333333333,71034953728.0,72116002816.0,47826931712.0,47831755518.75,0.0,4783145256.47293,1000000.0,1000000.0,2831.125,2794.1875,746463.3125,699746.875,716820.125,25.50167465209961,32.62174606323242,414.0,1.0
415.0,6.916666666666667,71034372096.0,71643095040.0,48258076672.0,48263032507.84375,0.0,4826272682.115561,1000000.0,1000000.0,2835.125,2797.8125,749578.0,702384.3125,720862.125,25.423297882080078,33.1685905456543,420.0,1.0
420.0,7.0,71033847808.0,71173480448.0,48686395392.0,48691482143.75,0.0,4869117374.305337,1000000.0,1000000.0,2837.875,2800.0,752563.125,705359.4375,722888.4375,25.345430374145508,33.44248962402344,423.0,1.0
425.0,7.083333333333333,71033315328.0,70706683904.0,49111904256.0,49117122676.84375,0.0,4911681158.0444,1000000.0,1000000.0,2843.125,2804.9375,758181.6875,709304.125,726903.25,25.267621994018555,33.99104309082031,429.0,1.0
430.0,7.166666666666667,71032905728.0,70242967552.0,49534615552.0,49539971604.90625,0.0,4953965783.133163,1000000.0,1000000.0,2848.875,2809.3125,766351.75,712883.625,730749.25,25.190176010131836,34.540706634521484,435.0,1.0
435.0,7.25,71032545280.0,69782183936.0,49954566144.0,49960047101.21875,0.0,4995973066.760001,1000000.0,1000000.0,2852.125,2812.0,769381.375,714074.75,732760.8125,25.11270523071289,34.81595230102539,438.0,1.0
440.0,7.333333333333333,71032233984.0,69324283904.0,50371751936.0,50377366387.15625,0.0,5037704731.028257,1000000.0,1000000.0,2856.9375,2816.875,771886.9375,719914.3125,737083.625,25.035253524780273,35.36721420288086,444.0,1.0
445.0,7.416666666666667,71031906304.0,68869234688.0,50786193408.0,50791946962.1875,0.0,5079162526.0043,1000000.0,1000000.0,2861.9375,2821.1875,776269.875,724274.4375,742163.5,24.957836151123047,35.91945266723633,450.0,1.0
450.0,7.5,71031496704.0,68416937984.0,51197923328.0,51203805420.875,0.0,5120348110.973304,1000000.0,1000000.0,2864.8125,2823.5,778442.375,726135.5,744749.5625,24.880395889282227,36.19595718383789,453.0,1.0
455.0,7.583333333333333,71031144448.0,67967438848.0,51606937600.0,51612958520.5625,0.0,5161263161.7446575,1000000.0,1000000.0,2870.0625,2828.1875,784648.0,729382.0,749741.625,24.803030014038086,36.749664306640625,459.0,1.0
460.0,7.666666666666667,71030923264.0,67520749568.0,52013260800.0,52019423039.6875,0.0,5201909356.179355,1000000.0,1000000.0,2874.125,2833.375,788808.5,734233.8125,754119.125,24.725908279418945,37.30438232421875,465.0,1.0
465.0,7.75,71030669312.0,67076890624.0,52416913408.0,52423215943.59375,0.0,5242288390.851032,1000000.0,1000000.0,2876.3125,2835.0625,791241.0,734872.5,756047.125,24.648801803588867,37.58202362060547,468.0,1.0
470.0,7.833333333333333,71030423552.0,66635829248.0,52817891328.0,52824354080.0,0.0,5282401950.487733,1000000.0,1000000.0,2881.1875,2839.0,796426.9375,739004.8125,760117.5,24.571678161621094,38.138099670410156,474.0,1.0
475.0,7.916666666666667,71030276096.0,66197626880.0,53216247808.0,53222854365.875,0.0,5322251726.583671,1000000.0,1000000.0,2885.5,2843.875,799553.0625,743346.625,764615.3125,24.49463653564453,38.69501876831055,480.0,1.0
480.0,8.0,71030145024.0,65762193408.0,53611974656.0,53618733799.1875,0.0,5361839419.147814,1000000.0,1000000.0,2888.3125,2846.0625,801620.375,744572.875,767074.9375,24.417572021484375,38.973812103271484,483.0,1.0
485.0,8.083333333333334,71029989376.0,65329680384.0,54005092352.0,54012009282.78125,0.0,5401166718.416543,1000000.0,1000000.0,2893.5625,2849.6875,806605.625,748662.5,772258.6875,24.340656280517578,39.53215789794922,489.0,1.0
490.0,8.166666666666666,71029800960.0,64900120576.0,54395625472.0,54402698479.78125,0.0,5440235390.546678,1000000.0,1000000.0,2897.75,2854.9375,809166.125,752407.3125,777327.0,24.26390266418457,40.091434478759766,495.0,1.0
495.0,8.25,71029645312.0,64473571328.0,54783590400.0,54790819378.1875,0.0,5479047234.5611105,1000000.0,1000000.0,2900.1875,2856.875,810964.1875,755057.5,779684.875,24.187244415283203,40.37139129638672,498.0,1.0
500.0,8.333333333333334,71029465088.0,64049909760.0,55169011712.0,55176389682.53125,0.0,5517604020.73929,1000000.0,1000000.0,2904.625,2861.5,813894.25,760883.625,784377.375,24.110624313354492,40.93199920654297,504.0,1.0
505.0,8.416666666666666,71029284864.0,63629111296.0,55551885312.0,55559426654.34375,0.0,5555907475.467938,1000000.0,1000000.0,2909.0,2865.5625,818163.25,767272.625,788374.75,24.034208297729492,41.49355697631836,510.0,1.0
510.0,8.5,71029153792.0,63211044864.0,55932252160.0,55939947036.46875,0.0,5593959272.681138,1000000.0,1000000.0,2911.125,2867.8125,822048.375,768772.25,790263.0625,23.9580135345459,41.774696350097656,513.0,1.0
515.0,8.583333333333334,71029071872.0,62795694080.0,56310136832.0,56317967175.59375,0.0,5631761047.193508,1000000.0,1000000.0,2915.1875,2871.9375,824169.0625,771415.625,794024.375,23.881868362426758,42.337554931640625,519.0,1.0
520.0,8.666666666666666,71029030912.0,62383075328.0,56685510656.0,56693503398.53125,0.0,5669314431.643487,1000000.0,1000000.0,2919.375,2876.4375,827447.3125,778451.875,797635.4375,23.80628204345703,42.90128707885742,525.0,1.0
525.0,8.75,71028965376.0,61973123072.0,57058422784.0,57066571928.375,0.0,5706621048.433879,1000000.0,1000000.0,2921.5625,2878.25,829933.0,779259.875,799317.875,23.73058319091797,43.1834831237793,528.0,1.0
530.0,8.833333333333334,71028940800.0,61565788160.0,57428897792.0,57437188593.34375,0.0,5743682480.062248,1000000.0,1000000.0,2926.25,2881.5,833910.6875,783254.5,802761.1875,23.655311584472656,43.748512268066406,534.0,1.0
535.0,8.916666666666666,71028932608.0,61161095168.0,57796919296.0,57805369153.0,0.0,5780500302.786564,1000000.0,1000000.0,2929.75,2886.5,837745.125,786677.875,806158.375,23.579994201660156,44.314395904541016,540.0,1.0
540.0,9.0,71028924416.0,60758953984.0,58162532352.0,58171129236.21875,0.0,5817076079.468984,1000000.0,1000000.0,2932.1875,2888.5625,842221.375,789386.375,807741.4375,23.504892349243164,44.5976448059082,543.0,1.0
545.0,9.083333333333334,71028899840.0,60359413760.0,58525757440.0,58534484243.15625,0.0,5853411349.9873905,1000000.0,1000000.0,2937.875,2892.125,848273.125,791847.4375,811258.875,23.42998504638672,45.164859771728516,549.0,1.0
550.0,9.166666666666666,71028867072.0,59962499072.0,58886557696.0,58895449918.625,0.0,5889507688.904748,1000000.0,1000000.0,2942.0625,2896.1875,853855.125,796893.4375,814913.8125,23.355182647705078,45.733055114746094,555.0,1.0
555.0,9.25,71028842496.0,59568164864.0,59244990464.0,59254041809.46875,0.0,5925366650.863512,1000000.0,1000000.0,2944.375,2897.9375,858569.375,798194.9375,816693.5,23.280351638793945,46.0174446105957,558.0,1.0
560.0,9.333333333333334,71028817920.0,59176513536.0,59601084416.0,59610275696.46875,0.0,5960989813.87229,1000000.0,1000000.0,2948.4375,2901.3125,861622.3125,800334.75,820185.6875,23.205717086791992,46.58686065673828,564.0,1.0
565.0,9.416666666666666,71028785152.0,58787516416.0,59954802688.0,59964167604.78125,0.0,5996378780.499571,1000000.0,1000000.0,2951.6875,2905.75,866584.5,803626.5,823781.0,23.131134033203125,47.157257080078125,570.0,1.0
570.0,9.5,71028785152.0,58401247232.0,60306214912.0,60315733747.84375,0.0,6031535172.138398,1000000.0,1000000.0,2953.25,2907.4375,867817.375,804624.875,825600.75,23.056671142578125,47.442771911621094,573.0,1.0
575.0,9.583333333333334,71028768768.0,58017509376.0,60655329280.0,60664989898.84375,0.0,6066460566.10352,1000000.0,1000000.0,2958.0,2910.8125,873410.125,807634.0,829360.25,22.9823055267334,48.01442337036133,579.0,1.0
580.0,9.666666666666666,71028785152.0,57636356096.0,61002121216.0,61011951375.3125,0.0,6101156494.087669,1000000.0,1000000.0,2963.0625,2914.875,879922.0,810293.375,833358.6875,22.908252716064453,48.58717346191406,585.0,1.0
585.0,9.75,71028785152.0,57257713664.0,61346639872.0,61356633475.59375,0.0,6135624485.912147,1000000.0,1000000.0,2965.875,2916.8125,881702.5,811218.75,835452.625,22.834308624267578,48.87392807006836,588.0,1.0
590.0,9.833333333333334,71028752384.0,56881561600.0,61688930304.0,61699051221.15625,0.0,6169866043.526256,1000000.0,1000000.0,2971.5625,2920.875,886334.0,814883.9375,839817.0,22.760610580444336,49.44822692871094,594.0,1.0
595.0,9.916666666666666,71028752384.0,56507858944.0,62028935168.0,62039219402.125,0.0,6203882646.2118225,1000000.0,1000000.0,2976.8125,2926.3125,890279.0,818045.25,844456.0625,22.687442779541016,50.023582458496094,600.0,1.0
600.0,10.0,71028776960.0,56136568832.0,62366711808.0,62377152593.125,0.0,6237675751.253744,1000000.0,1000000.0,2979.375,2928.3125,891576.625,820205.875,846838.1875,22.614500045776367,50.311641693115234,603.0,1.0
605.0,10.083333333333334,71028793344.0,55767724032.0,62702301184.0,62712865424.53125,0.0,6271246821.789735,1000000.0,1000000.0,2983.4375,2933.375,898094.625,824011.75,851720.0,22.54170036315918,50.88822937011719,609.0,1.0
610.0,10.166666666666666,71028809728.0,55401271296.0,63035674624.0,63046372325.28125,0.0,6304597300.686001,1000000.0,1000000.0,2987.5,2938.0,903675.75,828073.5,856845.0,22.46908187866211,51.46552658081055,615.0,1.0
615.0,10.25,71028850688.0,55037100032.0,63366832128.0,63377687426.4375,0.0,6337728601.048021,1000000.0,1000000.0,2988.8125,2939.5625,907121.0,831125.375,859560.1875,22.39632225036621,51.75446319580078,618.0,1.0
620.0,10.333333333333334,71028899840.0,54675247104.0,63695851520.0,63706824372.125,0.0,6370642087.206595,1000000.0,1000000.0,2992.0625,2942.8125,911307.5,836019.875,864970.5,22.32379150390625,52.33282470703125,624.0,1.0
625.0,10.416666666666666,71028981760.0,54315753472.0,64022695936.0,64033797308.53125,0.0,6403339173.778895,1000000.0,1000000.0,2994.875,2945.6875,917198.1875,842819.125,870529.3125,22.251605987548828,52.911842346191406,630.0,1.0
630.0,10.5,71029014528.0,53958602752.0,64347365376.0,64358620301.4375,0.0,6435821267.404681,1000000.0,1000000.0,2997.25,2947.0,922321.875,844573.75,873452.3125,22.179668426513672,53.20163345336914,633.0,1.0
635.0,10.583333333333334,71029112832.0,53603794944.0,64669917184.0,64681307342.875,0.0,6468089767.161977,1000000.0,1000000.0,3000.1875,2949.5625,928423.4375,847385.625,878656.9375,22.107751846313477,53.781795501708984,639.0,1.0
640.0,10.666666666666666,71029194752.0,53251371008.0,64990384128.0,65001872668.53125,0.0,6500146096.716413,1000000.0,1000000.0,3003.25,2952.5,933903.125,852496.125,884639.25,22.03586196899414,54.362613677978516,645.0,1.0
645.0,10.75,71029276672.0,52901310464.0,65308717056.0,65320330613.84375,0.0,6531991689.553447,1000000.0,1000000.0,3004.3125,2953.625,934859.25,853850.9375,887709.4375,21.96417999267578,54.65324401855469,648.0,1.0
650.0,10.833333333333334,71029334016.0,52553662464.0,65624907776.0,65636695423.375,0.0,6563627970.080204,1000000.0,1000000.0,3007.5,2955.9375,939735.25,860756.875,893728.0,21.892549514770508,55.23490905761719,654.0,1.0
655.0,10.916666666666666,71029391360.0,52208394240.0,65939079168.0,65950981411.21875,0.0,6595056369.829191,1000000.0,1000000.0,3010.625,2958.5625,946642.4375,865938.125,898820.6875,21.821203231811523,55.81721115112305,660.0,1.0
660.0,11.0,71029465088.0,51865460736.0,66251202560.0,66263202894.28125,0.0,6626278320.385191,1000000.0,1000000.0,3012.4375,2959.8125,950031.125,868036.875,901275.25,21.74977684020996,56.10854721069336,663.0,1.0
665.0,11.083333333333334,71029497856.0,51524771840.0,66561282048.0,66573373496.71875,0.0,6657295184.184011,1000000.0,1000000.0,3015.5625,2962.0,958262.4375,873819.0,906581.5,21.67859649658203,56.69163513183594,669.0,1.0
670.0,11.166666666666666,71029555200.0,51186339840.0,66869248000.0,66881506757.5,0.0,6688108315.178045,1000000.0,1000000.0,3018.6875,2964.9375,963848.0625,880004.125,912804.4375,21.6077938079834,57.275333404541016,675.0,1.0
675.0,11.25,71029596160.0,50850103296.0,67175251968.0,67187615947.6875,0.0,6718719040.355059,1000000.0,1000000.0,3020.5,2966.125,970679.5625,883741.75,915522.5625,21.53716278076172,57.56734848022461,678.0,1.0
680.0,11.333333333333334,71029637120.0,50516156416.0,67479281664.0,67491714671.53125,0.0,6749128720.195112,1000000.0,1000000.0,3022.6875,2968.375,978540.875,886762.125,920300.375,21.466901779174805,58.15190887451172,684.0,1.0
685.0,11.416666666666666,71029776384.0,50184392704.0,67781296128.0,67793816234.84375,0.0,6779338685.183064,1000000.0,1000000.0,3025.75,2971.375,985704.0,891093.25,925235.875,21.39717674255371,58.73695373535156,690.0,1.0
690.0,11.5,71029817344.0,49854758912.0,68081266688.0,68093933619.78125,0.0,6809350233.58291,1000000.0,1000000.0,3026.8125,2972.625,989848.6875,894480.0,927870.125,21.327713012695312,59.02967071533203,693.0,1.0
695.0,11.583333333333334,71029907456.0,49527324672.0,68379295744.0,68392079822.15625,0.0,6839164664.996264,1000000.0,1000000.0,3028.75,2974.625,994291.125,898767.125,933799.3125,21.258298873901367,59.61552047729492,699.0,1.0
700.0,11.666666666666666,71029997568.0,49201938432.0,68675399680.0,68688267550.90625,0.0,6868783250.371133,1000000.0,1000000.0,3031.5625,2977.4375,1000910.5,905612.0,940295.3125,21.189197540283203,60.2020149230957,705.0,1.0
705.0,11.75,71030038528.0,48878571520.0,68969562112.0,68982509025.15625,0.0,6898207211.411134,1000000.0,1000000.0,3032.5,2978.4375,1002176.4375,909103.9375,943094.6875,21.120136260986328,60.4954948425293,708.0,1.0
710.0,11.833333333333334,71030095872.0,48557346816.0,69261746176.0,69274816773.78125,0.0,6927437801.166311,1000000.0,1000000.0,3034.875,2981.25,1009041.25,914457.5625,948498.5,21.05118179321289,61.082889556884766,714.0,1.0
715.0,11.916666666666666,71030251520.0,48238174208.0,69552021504.0,69565203258.78125,0.0,6956476265.757443,1000000.0,1000000.0,3037.5,2983.6875,1015463.0625,918927.5,954140.375,20.982379913330078,61.67081832885742,720.0,1.0
720.0,12.0,71030374400.0,47921020928.0,69840437248.0,69853680820.1875,0.0,6985323839.134376,1000000.0,1000000.0,3038.875,2984.3125,1018314.0,919402.0625,957436.1875,20.91362190246582,61.9649772644043,723.0,1.0
725.0,12.083333333333334,71030505472.0,47605960704.0,70126919680.0,70140261721.78125,0.0,7013981747.818523,1000000.0,1000000.0,3041.25,2986.4375,1021702.375,925164.25,964675.0,20.845117568969727,62.55369186401367,729.0,1.0
730.0,12.166666666666666,71030595584.0,47292907520.0,70411517952.0,70424958226.0,0.0,7042451217.925037,1000000.0,1000000.0,3043.1875,2989.0625,1026820.375,933261.3125,971731.75,20.776891708374023,63.1428108215332,735.0,1.0
735.0,12.25,71030759424.0,46981967872.0,70694248448.0,70707782802.65625,0.0,7070733496.430231,1000000.0,1000000.0,3044.5625,2989.3125,1028198.0625,934113.6875,975108.0,20.708486557006836,63.43749237060547,738.0,1.0
740.0,12.333333333333334,71030849536.0,46673145856.0,70975127552.0,70988747982.03125,0.0,7098829836.442162,1000000.0,1000000.0,3047.0625,2991.0625,1033948.25,936348.0,981748.1875,20.64057731628418,64.0272216796875,744.0,1.0
745.0,12.416666666666666,71030956032.0,46366420992.0,71254130688.0,71267866576.65625,0.0,7126741519.1375675,1000000.0,1000000.0,3049.75,2993.5625,1040071.125,945312.8125,987890.75,20.57276153564453,64.61746978759766,750.0,1.0
750.0,12.5,71031111680.0,46061858816.0,71531298816.0,71545151340.15625,0.0,7154469819.888986,1000000.0,1000000.0,3050.9375,2994.8125,1044445.0,947157.5,990479.9375,20.504898071289062,64.91279602050781,753.0,1.0
755.0,12.583333333333334,71031185408.0,45759283200.0,71806640128.0,71820614713.75,0.0,7182015982.743736,1000000.0,1000000.0,3054.0625,2997.3125,1053768.25,952496.6875,995651.1875,20.43738555908203,65.5037841796875,759.0,1.0
760.0,12.666666666666666,71031226368.0,45458718720.0,72080236544.0,72094268658.5625,0.0,7209381203.938571,1000000.0,1000000.0,3056.5,2999.3125,1060900.125,957165.625,1000321.0625,20.37006950378418,66.0952377319336,765.0,1.0
765.0,12.75,71031250944.0,45160157184.0,72352006144.0,72366125128.40625,0.0,7236566678.774286,1000000.0,1000000.0,3058.125,3000.0625,1063488.375,960019.1875,1002722.75,20.302719116210938,66.39111328125,768.0,1.0
770.0,12.833333333333334,71031390208.0,44863578112.0,72621957120.0,72636196332.5,0.0,7263573628.172004,1000000.0,1000000.0,3060.75,3002.0625,1068906.625,965101.0,1007792.9375,20.235687255859375,66.9832763671875,774.0,1.0
775.0,12.916666666666666,71031480320.0,44568932352.0,72890122240.0,72904493713.90625,0.0,7290403196.4239645,1000000.0,1000000.0,3062.5,3003.625,1071827.75,967847.375,1013615.5,20.168811798095703,67.57604217529297,780.0,1.0
780.0,13.0,71031554048.0,44276260864.0,73156583424.0,73171029296.4375,0.0,7317056585.911565,1000000.0,1000000.0,3064.0,3004.5625,1075541.625,969942.125,1016481.875,20.108352661132812,67.87263488769531,783.0,1.0
785.0,13.083333333333334,71031603200.0,43985518592.0,73421307904.0,73435814475.8125,0.0,7343534936.162684,1000000.0,1000000.0,3066.625,3006.9375,1082490.375,976978.875,1021509.75,20.047786712646484,68.46622467041016,789.0,1.0
790.0,13.166666666666666,71031701504.0,43696705536.0,73684262912.0,73698861137.4375,0.0,7369839435.733193,1000000.0,1000000.0,3068.9375,3009.875,1087929.25,988049.625,1025685.4375,19.985321044921875,69.06034088134766,795.0,1.0
795.0,13.25,71031840768.0,43409784832.0,73945432064.0,73960180486.89062,0.0,7395971205.137618,1000000.0,1000000.0,3069.4375,3010.875,1090354.0,989637.6875,1027647.75,19.922277450561523,69.35759735107422,798.0,1.0
800.0,13.333333333333334,71031906304.0,43124707328.0,74204872704.0,74219783967.84375,0.0,7421931388.85948,1000000.0,1000000.0,3072.25,3012.3125,1096032.25,992776.6875,1031955.875,19.859115600585938,69.95243835449219,804.0,1.0
805.0,13.416666666666666,71031955456.0,42841460736.0,74462699520.0,74477682373.35938,0.0,7447721066.073956,1000000.0,1000000.0,3074.25,3013.875,1101051.25,998366.6875,1036571.3125,19.792165756225586,70.54774475097656,810.0,1.0
810.0,13.5,71032053760.0,42560000000.0,74718830592.0,74733886698.64062,0.0,7473341336.30829,1000000.0,1000000.0,3075.1875,3014.375,1102057.875,999133.375,1038953.5,19.724502563476562,70.84555053710938,813.0,1.0
815.0,13.583333333333334,71032201216.0,42280460288.0,74973265920.0,74988408028.73438,0.0,7498793308.165653,1000000.0,1000000.0,3076.75,3016.25,1105543.0,1002952.625,1043606.625,19.658714294433594,71.44141387939453,819.0,1.0
820.0,13.666666666666666,71032274944.0,42002624512.0,75225964544.0,75241257274.1875,0.0,7524078072.5297575,1000000.0,1000000.0,3078.5,3018.1875,1109834.125,1005469.1875,1048336.6875,19.593795776367188,72.03775787353516,825.0,1.0
825.0,13.75,71032373248.0,41726640128.0,75476967424.0,75492444981.73438,0.0,7549196684.232272,1000000.0,1000000.0,3079.25,3018.75,1112410.25,1008013.125,1050497.25,19.529436111450195,72.33610534667969,828.0,1.0
830.0,13.833333333333334,71032471552.0,41452392448.0,75726430208.0,75741982060.84375,0.0,7574150234.118063,1000000.0,1000000.0,3082.0625,3020.0625,1119272.25,1011532.4375,1055212.0,19.465412139892578,72.93319702148438,834.0,1.0
835.0,13.916666666666666,71032569856.0,41179934720.0,75974238208.0,75989878950.8125,0.0,7598939766.09228,1000000.0,1000000.0,3084.125,3022.1875,1122116.625,1013919.5625,1059925.625,19.401905059814453,73.53081512451172,840.0,1.0
840.0,14.0,71032709120.0,40909221888.0,76220440576.0,76236146390.96875,0.0,7623566354.123418,1000000.0,1000000.0,3085.0,3023.375,1124627.375,1016448.875,1062244.25,19.34028434753418,73.82978820800781,843.0,1.0
845.0,14.083333333333334,71032864768.0,40640303104.0,76464947200.0,76480794853.375,0.0,7648031045.353619,1000000.0,1000000.0,3087.125,3024.6875,1130547.25,1019582.0625,1066853.75,19.282825469970703,74.42803955078125,849.0,1.0
850.0,14.166666666666666,71033020416.0,40373202944.0,76707790848.0,76723835303.42188,0.0,7672334936.442669,1000000.0,1000000.0,3089.25,3026.5625,1134122.0,1023809.25,1071606.75,19.223011016845703,75.02680969238281,855.0,1.0
855.0,14.25,71033110528.0,40107888640.0,76949094400.0,76965278453.54688,0.0,7696479098.535401,1000000.0,1000000.0,3090.0625,3027.0625,1136885.625,1025414.6875,1073838.25,19.162918090820312,75.32635498046875,858.0,1.0
860.0,14.333333333333334,71033200640.0,39844335616.0,77188849664.0,77205135080.92188,0.0,7720464609.2717085,1000000.0,1000000.0,3092.5625,3028.625,1142776.5,1027383.0,1078499.75,19.102598190307617,75.92581176757812,864.0,1.0
865.0,14.416666666666666,71033225216.0,39582613504.0,77427040256.0,77443415770.45312,0.0,7744292527.294753,1000000.0,1000000.0,3095.1875,3030.1875,1148106.25,1029879.0,1083299.125,19.04194450378418,76.525634765625,870.0,1.0
870.0,14.5,71033298944.0,39322689536.0,77663641600.0,77680131635.64062,0.0,7767963963.905916,1000000.0,1000000.0,3096.375,3030.5625,1150170.75,1032237.25,1085605.375,18.98051643371582,76.82572174072266,873.0,1.0
875.0,14.583333333333334,71033430016.0,39064498176.0,77898620928.0,77915293076.67188,0.0,7791479959.038942,1000000.0,1000000.0,3098.0,3032.25,1152986.5,1036254.375,1090018.5,18.919788360595703,77.42615509033203,879.0,1.0
880.0,14.666666666666666,71033503744.0,38807982080.0,78132076544.0,78148910501.42188,0.0,7814841553.594739,1000000.0,998905.875,3099.875,3033.6875,1158569.625,1039154.0,1094148.75,18.859272003173828,78.0269775390625,885.0,1.0
885.0,14.75,71033593856.0,38553149440.0,78364057600.0,78380993784.375,0.0,7838049734.912235,1000000.0,995076.3125,3100.625,3034.75,1161012.25,1041548.8125,1096314.125,18.79871368408203,78.32749938964844,888.0,1.0
890.0,14.833333333333334,71033749504.0,38300110848.0,78594531328.0,78611553421.46875,0.0,7861105552.604971,1000000.0,987359.8125,3103.125,3036.125,1167208.375,1044102.5625,1100543.375,18.737728118896484,78.92884826660156,894.0,1.0
895.0,14.916666666666666,71033896960.0,38048735232.0,78823481344.0,78840599885.5625,0.0,7884010053.942994,1000000.0,979731.5,3104.8125,3037.0,1169920.25,1047761.3125,1104415.875,18.67694091796875,79.53070068359375,900.0,1.0
900.0,15.0,71033970688.0,37798993920.0,79050907648.0,79068142987.98438,0.0,7906764220.046786,1000000.0,975866.3125,3105.75,3037.5625,1172532.75,1048364.25,1106318.375,18.616289138793945,79.83172607421875,903.0,1.0
905.0,15.083333333333334,71034060800.0,37550919680.0,79276818432.0,79294192690.89062,0.0,7929369047.221547,1000000.0,968233.0625,3107.6875,3039.5625,1177232.0,1054467.375,1110459.625,18.555776596069336,80.43408966064453,909.0,1.0
910.0,15.166666666666666,71034183680.0,37304422400.0,79501254656.0,79518758654.10938,0.0,7951825501.289765,1000000.0,960780.0625,3109.8125,3040.6875,1182159.0,1057538.0,1114485.5,18.495695114135742,81.03680419921875,915.0,1.0
915.0,15.25,71034347520.0,37059584000.0,79724249088.0,79741850658.29688,0.0,7974134560.422428,1000000.0,957064.25,3111.1875,3041.75,1185107.5,1058478.125,1116654.625,18.43593406677246,81.33834838867188,918.0,1.0
920.0,15.333333333333334,71034437632.0,36816289792.0,79945785344.0,79963478229.51562,0.0,7996297177.1761265,1000000.0,949615.9375,3113.125,3043.0,1188906.625,1063554.0,1121026.25,18.376333236694336,81.94158172607422,924.0,1.0
925.0,15.416666666666666,71034560512.0,36574556160.0,80165863424.0,80183650700.625,0.0,8018314284.818741,1000000.0,942241.0,3115.0625,3044.625,1193172.75,1071442.75,1125401.0,18.316661834716797,82.54518127441406,930.0,1.0
930.0,15.5,71034748928.0,36334358528.0,80384466944.0,80402377452.96875,0.0,8040186821.531719,1000000.0,938579.5625,3115.625,3044.8125,1194104.25,1071906.5,1127316.125,18.257766723632812,82.84712219238281,933.0,1.0
935.0,15.583333333333334,71034945536.0,36095627264.0,80601636864.0,80619667410.84375,0.0,8061915679.705934,1000000.0,931303.125,3117.625,3046.5625,1197535.0,1073616.375,1131513.625,18.19869613647461,83.45128631591797,939.0,1.0
940.0,15.666666666666666,71035092992.0,35858456576.0,80817422336.0,80835529585.21875,0.0,8083501760.401707,1000000.0,924134.25,3119.5,3047.9375,1201463.75,1078005.75,1135359.75,18.139509201049805,84.05580139160156,945.0,1.0
945.0,15.75,71035240448.0,35622805504.0,81031741440.0,81049973340.92188,0.0,8104946000.155292,1000000.0,920468.9375,3120.375,3048.8125,1202565.75,1079812.625,1137365.25,18.080245971679688,84.35822296142578,948.0,1.0
950.0,15.833333333333334,71035461632.0,35388690432.0,81244651520.0,81263007763.73438,0.0,8126249307.582065,1000000.0,913351.0,3122.375,3050.5625,1206173.75,1084929.125,1141151.75,18.021059036254883,84.96341705322266,954.0,1.0
955.0,15.916666666666666,71035707392.0,35156074496.0,81456168960.0,81474642012.54688,0.0,8147412598.455051,1000000.0,906269.3125,3124.0625,3052.0625,1208091.0,1088431.125,1144969.75,17.96217918395996,85.569091796875,960.0,1.0
960.0,16.0,71035928576.0,34924961792.0,81666277376.0,81684885067.92188,0.0,8168436770.789775,1000000.0,902757.875,3124.875,3052.9375,1208971.0,1090843.75,1146834.25,17.903844833374023,85.87203979492188,963.0,1.0
965.0,16.083333333333332,71036116992.0,34695335936.0,81875042304.0,81893745918.3125,0.0,8189322723.489166,1000000.0,895803.6875,3126.375,3053.9375,1215484.0,1092444.875,1150561.625,17.845123291015625,86.47834014892578,969.0,1.0
970.0,16.166666666666668,71036256256.0,34467225600.0,82082471936.0,82101233549.40625,0.0,8210071355.163183,1000000.0,888836.6875,3127.75,3054.875,1221234.5,1096052.125,1154103.625,17.786813735961914,87.08497619628906,975.0,1.0
975.0,16.25,71036395520.0,34240671744.0,82288533504.0,82307357158.3125,0.0,8230683585.537974,1000000.0,885379.5625,3129.125,3055.875,1223739.125,1099087.375,1156083.5,17.728513717651367,87.38847351074219,978.0,1.0
980.0,16.333333333333332,71036469248.0,34015641600.0,82493177856.0,82512126011.98438,0.0,8251160341.218025,1000000.0,878544.4375,3131.25,3056.9375,1230459.25,1101641.0,1159849.875,17.670780181884766,87.99588775634766,984.0,1.0
985.0,16.416666666666668,71036510208.0,33792098304.0,82696462336.0,82715549167.73438,0.0,8271502528.020151,1000000.0,871779.25,3132.4375,3057.625,1231684.75,1103833.0,1163522.25,17.6099910736084,88.60364532470703,990.0,1.0
990.0,16.5,71036665856.0,33570015232.0,82898395136.0,82917635452.23438,0.0,8291711028.506132,1000000.0,868405.6875,3133.5625,3058.375,1233165.25,1104894.0,1165313.0,17.5488338470459,88.90763854980469,993.0,1.0
995.0,16.583333333333332,71036854272.0,33349394432.0,83099049984.0,83118393632.71875,0.0,8311786719.409041,1000000.0,861679.0625,3135.3125,3059.6875,1238152.375,1106378.5,1168951.625,17.489248275756836,89.51594543457031,999.0,1.0
1000.0,16.666666666666668,71037018112.0,33130223616.0,83298435072.0,83317832425.32812,0.0,8331730472.338367,1000000.0,854929.5,3137.375,3060.5,1244176.5,1108715.75,1172402.875,17.43041229248047,90.12467956542969,1005.0,1.0
1005.0,16.75,71037222912.0,32912496640.0,83496517632.0,83515960528.17188,0.0,8351543157.125514,1000000.0,851610.8125,3138.5625,3061.25,1245403.0,1109074.75,1174226.5,17.372299194335938,90.42920684814453,1008.0,1.0
1010.0,16.833333333333332,71037419520.0,32696186880.0,83693281280.0,83712786534.17188,0.0,8371225633.078979,1000000.0,845032.5625,3140.0,3062.5,1247957.5,1113111.25,1177606.25,17.314502716064453,91.03855895996094,1014.0,1.0
1015.0,16.916666666666668,71037591552.0,32481294336.0,83888685056.0,83908318932.0,0.0,8390778748.979549,1000000.0,838454.5,3141.375,3063.6875,1251389.25,1115647.625,1181027.75,17.257068634033203,91.648193359375,1020.0,1.0
1020.0,17.0,71037804544.0,32267816960.0,84082794496.0,84102566207.17188,0.0,8410203353.56539,1000000.0,835217.0,3142.4375,3064.375,1252733.875,1116729.25,1182674.25,17.200016021728516,91.95313262939453,1023.0,1.0
1025.0,17.083333333333332,71038058496.0,32055721984.0,84275593216.0,84295536779.85938,0.0,8429500288.628015,1000000.0,828728.5,3143.5,3065.5,1256105.5,1119418.375,1185999.25,17.143192291259766,92.56327819824219,1029.0,1.0
1030.0,17.166666666666668,71038296064.0,31845019648.0,84467195904.0,84487238950.54688,0.0,8448670384.323209,1000000.0,822294.6875,3145.375,3066.5,1259624.625,1121523.875,1189152.0,17.086523056030273,93.17378234863281,1035.0,1.0
1035.0,17.25,71038517248.0,31635691520.0,84657569792.0,84677681040.89062,0.0,8467714472.76051,1000000.0,819072.75,3146.0,3067.1875,1261267.75,1122233.625,1190694.375,17.030105590820312,93.47916412353516,1038.0,1.0
1040.0,17.333333333333332,71038713856.0,31427733504.0,84846714880.0,84866871276.67188,0.0,8486633376.533257,1000000.0,812716.5,3147.9375,3068.375,1268224.75,1127328.625,1193966.25,16.973974227905273,94.09025573730469,1044.0,1.0
1045.0,17.416666666666668,71039082496.0,31221139456.0,85034606592.0,85054817829.5625,0.0,8505427912.7971325,1000000.0,806358.5,3149.5,3069.1875,1270955.0,1128296.625,1196980.75,16.91813087463379,94.70169067382812,1050.0,1.0
1050.0,17.5,71039483904.0,31015913472.0,85221220352.0,85241528930.48438,0.0,8524098904.68705,1000000.0,803213.9375,3149.875,3070.0,1272069.875,1130392.75,1198535.5,16.86234474182129,95.00752258300781,1053.0,1.0
1055.0,17.583333333333332,71039795200.0,30812069888.0,85406564352.0,85427012827.48438,0.0,8542647176.946435,1000000.0,796934.0,3151.625,3070.875,1277782.25,1135037.75,1201493.25,16.806699752807617,95.61942291259766,1059.0,1.0
1060.0,17.666666666666668,71040032768.0,30609563648.0,85590679552.0,85611277685.4375,0.0,8561073546.035674,1000000.0,790750.5625,3153.0,3071.8125,1279741.375,1136002.125,1204548.875,16.75115394592285,96.23167419433594,1065.0,1.0
1065.0,17.75,71040188416.0,30408378368.0,85773631488.0,85794331456.1875,0.0,8579378807.163633,1000000.0,787645.25,3153.5,3072.0,1281953.125,1136243.375,1206103.125,16.69560432434082,96.5379409790039,1068.0,1.0
1070.0,17.833333333333332,71040319488.0,30208536576.0,85955436544.0,85976182131.3125,0.0,8597563759.5314,1000000.0,781485.125,3154.6875,3073.1875,1283943.0,1137943.625,1209238.0,16.64051055908203,97.15072631835938,1074.0,1.0
1075.0,17.916666666666668,71040466944.0,30010038272.0,86136053760.0,86156837789.39062,0.0,8615629210.949997,1000000.0,775419.8125,3156.25,3074.875,1287324.875,1143553.75,1212345.625,16.58578109741211,97.76380157470703,1080.0,1.0
1080.0,18.0,71040688128.0,29812858880.0,86315483136.0,86336306448.54688,0.0,8633575963.196203,1000000.0,772363.6875,3156.75,3075.3125,1289575.75,1145338.0,1213914.875,16.531009674072266,98.07048034667969,1083.0,1.0
1085.0,18.083333333333332,71040811008.0,29616969728.0,86493675520.0,86514595899.15625,0.0,8651404795.310518,1000000.0,766399.5,3158.3125,3076.3125,1291588.0,1149230.125,1217239.0,16.477386474609375,98.68407440185547,1089.0,1.0
1090.0,18.166666666666668,71040917504.0,29422368768.0,86670639104.0,86691713862.35938,0.0,8669116479.478914,1000000.0,760402.125,3159.8125,3077.375,1296748.0,1151926.25,1220372.75,16.426233291625977,99.29793548583984,1095.0,1.0
1095.0,18.25,71041024000.0,29229053952.0,86846423040.0,86867668093.82812,0.0,8686711791.179619,1000000.0,757431.9375,3160.5625,3077.875,1300458.25,1152554.75,1221979.375,16.37487030029297,99.60494995117188,1098.0,1.0
1100.0,18.333333333333332,71041261568.0,29037002752.0,87021068288.0,87042466206.10938,0.0,8704191491.724493,1000000.0,751527.3125,3162.125,3078.5,1304743.25,1154365.125,1225220.0,16.32278823852539,100.21939086914062,1104.0,1.0
1105.0,18.416666666666668,71041482752.0,28846213120.0,87194615808.0,87216115816.04688,0.0,8721556342.734604,1000000.0,745674.0625,3164.0625,3079.625,1310166.25,1157204.125,1228516.5,16.27027130126953,100.8341293334961,1110.0,1.0
1110.0,18.5,71041769472.0,28656672768.0,87367041024.0,87388624411.73438,0.0,8738807093.04534,1000000.0,742764.0,3164.5625,3079.6875,1311864.5,1157295.375,1230009.625,16.21749496459961,101.14159393310547,1113.0,1.0
1115.0,18.583333333333332,71041982464.0,28468371456.0,87538360320.0,87559999513.39062,0.0,8755944494.733135,1000000.0,737018.6875,3166.125,3080.4375,1313546.5,1159541.5,1233405.0,16.165283203125,101.75685119628906,1119.0,1.0
1120.0,18.666666666666668,71042203648.0,28281284608.0,87708540928.0,87730248426.26562,0.0,8772969278.201126,1000000.0,731308.3125,3167.75,3081.0625,1316253.875,1162405.875,1236710.25,16.11277198791504,102.37244415283203,1125.0,1.0
1125.0,18.75,71042383872.0,28095406080.0,87877566464.0,87899378469.375,0.0,8789882175.447111,1000000.0,728428.3125,3168.9375,3081.8125,1320858.625,1163936.75,1238448.5,16.06003189086914,102.68037414550781,1128.0,1.0
1130.0,18.833333333333332,71042531328.0,27910725632.0,88045420544.0,88067396812.54688,0.0,8806683903.369345,1000000.0,722792.9375,3170.4375,3082.5,1324691.5,1166013.75,1241557.75,16.00704574584961,103.2966537475586,1134.0,1.0
1135.0,18.916666666666668,71042662400.0,27727230976.0,88212168704.0,88234310643.09375,0.0,8823375180.699436,1000000.0,717175.375,3171.4375,3083.3125,1326623.0,1166736.25,1244812.875,15.951717376708984,103.9133071899414,1140.0,1.0
1140.0,19.0,71042793472.0,27544930304.0,88377860096.0,88400127080.0625,0.0,8839956719.39164,1000000.0,714394.0625,3172.25,3083.9375,1327719.0,1167402.25,1246385.5,15.897398948669434,104.22174835205078,1143.0,1.0
1145.0,19.083333333333332,71042826240.0,27363829760.0,88542478336.0,88564853292.64062,0.0,8856429236.33829,1000000.0,708807.4375,3173.5,3084.375,1330757.0,1168353.0,1249488.75,15.843914031982422,104.83878326416016,1149.0,1.0
1150.0,19.166666666666668,71042801664.0,27183968256.0,88706048000.0,88728496611.3125,0.0,8872793464.572557,1000000.0,703278.9375,3174.875,3085.1875,1332890.25,1172559.875,1252590.625,15.792027473449707,105.45616149902344,1155.0,1.0
1155.0,19.25,71042785280.0,27005321216.0,88868577280.0,88891064434.79688,0.0,8889050143.90622,1000000.0,700513.1875,3175.8125,3085.5,1336627.75,1173402.5,1254216.25,15.74205493927002,105.76495361328125,1158.0,1.0
1160.0,19.333333333333332,71042809856.0,26827849728.0,89030000640.0,89052563881.17188,0.0,8905199986.29255,1000000.0,695064.3125,3177.0625,3085.875,1338367.25,1174731.625,1257150.25,15.691378593444824,106.38270568847656,1164.0,1.0
1165.0,19.416666666666668,71042859008.0,26651537408.0,89190350848.0,89213002001.01562,0.0,8921243696.688131,1000000.0,689666.0,3178.4375,3086.875,1339974.5,1176309.25,1260099.875,15.640603065490723,107.00074005126953,1170.0,1.0
1170.0,19.5,71043014656.0,26476410880.0,89349619712.0,89372385772.6875,0.0,8937181972.908928,1000000.0,686966.0,3179.125,3087.3125,1340731.75,1176705.125,1261529.0,15.58787727355957,107.30982971191406,1173.0,1.0
1175.0,19.583333333333332,71043219456.0,26302461952.0,89507807232.0,89530722334.34375,0.0,8953015528.767246,1000000.0,681550.125,3180.0625,3087.6875,1341522.25,1178514.5,1264460.5,15.534706115722656,107.92830657958984,1179.0,1.0
1180.0,19.666666666666668,71043440640.0,26129659904.0,89664954368.0,89688018640.60938,0.0,8968745059.735947,1000000.0,676269.3125,3181.1875,3088.5,1345145.0,1179347.25,1267345.0,15.482455253601074,108.5470962524414,1185.0,1.0
1185.0,19.75,71043629056.0,25958008832.0,89821077504.0,89844281583.25,0.0,8984371255.006502,1000000.0,673612.5625,3181.875,3088.8125,1346915.0,1179745.75,1268834.25,15.430575370788574,108.85662841796875,1188.0,1.0
1190.0,19.833333333333332,71043809280.0,25787508736.0,89976193024.0,89999518075.25,0.0,8999894805.883007,1000000.0,668337.5,3182.5,3089.625,1347996.0,1181967.75,1271673.625,15.37916374206543,109.47591400146484,1194.0,1.0
1195.0,19.916666666666668,71044022272.0,25618151424.0,90130358272.0,90153735010.70312,0.0,9015316401.728176,1000000.0,663097.5,3184.0625,3090.375,1349617.75,1182466.375,1274399.75,15.328012466430664,110.095458984375,1200.0,1.0
1200.0,20.0,71044276224.0,25449897984.0,90283491328.0,90306939126.03125,0.0,9030636716.22804,1000000.0,660513.875,3184.75,3090.875,1352077.375,1183328.125,1275742.5,15.277058601379395,110.40534210205078,1203.0,1.0
1205.0,20.083333333333332,71044521984.0,25282729984.0,90435616768.0,90459136989.10938,0.0,9045856406.162426,1000000.0,655368.1875,3185.6875,3091.75,1352766.375,1183967.25,1278498.0,15.226362228393555,111.0252914428711,1209.0,1.0
1210.0,20.166666666666668,71044808704.0,25116616704.0,90586734592.0,90610335007.96875,0.0,9060976112.30295,1000000.0,650264.25,3186.9375,3092.5625,1356814.75,1184895.875,1281217.25,15.175773620605469,111.64546966552734,1215.0,1.0
1215.0,20.25,71045013504.0,24951574528.0,90736844800.0,90760539550.34375,0.0,9075996471.432398,1000000.0,647769.375,3187.3125,3093.0,1357537.5,1187923.5,1282610.0,15.125577926635742,111.95567321777344,1218.0,1.0
1220.0,20.333333333333332,71045185536.0,24787585024.0,90885922816.0,90909756992.875,0.0,9090918121.183544,1000000.0,642692.5,3188.5,3093.375,1360513.25,1189575.25,1285098.125,15.075362205505371,112.57622528076172,1224.0,1.0
1225.0,20.416666666666668,71045308416.0,24624658432.0,91034009600.0,91057993687.20312,0.0,9105741696.76662,1000000.0,637702.3125,3190.5,3094.5625,1366872.75,1193462.875,1287818.375,15.025320053100586,113.1971664428711,1230.0,1.0
1230.0,20.5,71045406720.0,24462784512.0,91181121536.0,91205255982.04688,0.0,9120467833.012766,1000000.0,635235.375,3190.6875,3094.625,1368373.0,1194148.25,1288956.0,14.977289199829102,113.50778198242188,1233.0,1.0
1235.0,20.583333333333332,71045480448.0,24301973504.0,91327283200.0,91351550199.64062,0.0,9135097162.237242,1000000.0,630286.0,3191.9375,3095.4375,1372443.0,1196511.375,1291601.25,14.928337097167969,114.1291732788086,1239.0,1.0
1240.0,20.666666666666668,71045455872.0,24142227456.0,91472527360.0,91496882750.71875,0.0,9149630325.378775,1000000.0,625341.0,3193.375,3096.0625,1376636.25,1199007.5,1293946.125,14.878284454345703,114.75084686279297,1245.0,1.0
1245.0,20.75,71045439488.0,23983505408.0,91616837632.0,91641259915.64062,0.0,9164067950.546572,1000000.0,622897.25,3193.8125,3096.375,1376893.625,1200588.75,1295093.125,14.82874584197998,115.061767578125,1248.0,1.0
1250.0,20.833333333333332,71045537792.0,23825836032.0,91760197632.0,91784687899.04688,0.0,9178410658.149038,1000000.0,618082.0625,3195.1875,3096.75,1380348.5,1202238.5,1297441.125,14.779523849487305,115.68382263183594,1254.0,1.0
1255.0,20.916666666666668,71045652480.0,23669217280.0,91902623744.0,91927173009.21875,0.0,9192659079.01404,1000000.0,613225.3125,3195.875,3097.3125,1381762.25,1203024.75,1299565.0,14.730621337890625,116.30616760253906,1260.0,1.0
1260.0,21.0,71045799936.0,23513673728.0,92044099584.0,92068721607.6875,0.0,9206813849.319439,1000000.0,610793.1875,3196.3125,3097.875,1382662.0,1205227.25,1300590.75,14.68184757232666,116.61744689941406,1263.0,1.0
1265.0,21.083333333333332,71046021120.0,23359178752.0,92184592384.0,92209340130.5,0.0,9220875612.696268,1000000.0,606019.9375,3197.625,3098.3125,1386872.5,1205847.5,1302791.0,14.633017539978027,117.24024200439453,1269.0,1.0
1270.0,21.166666666666668,71046250496.0,23205734400.0,92324151296.0,92349034806.125,0.0,9234844991.894075,1000000.0,601288.8125,3199.1875,3098.5625,1388483.0,1206016.25,1304842.625,14.584735870361328,117.8634033203125,1275.0,1.0
1275.0,21.25,71046430720.0,23053324288.0,92462800896.0,92487811924.28125,0.0,9248722615.98031,1000000.0,598893.0,3199.625,3098.875,1389639.75,1206356.125,1305821.0,14.536643981933594,118.17508697509766,1278.0,1.0
1280.0,21.333333333333332,71046619136.0,22901905408.0,92600516608.0,92625677574.15625,0.0,9262509093.878242,1000000.0,594211.125,3200.625,3099.3125,1392794.75,1209571.25,1307816.75,14.488755226135254,118.79871368408203,1284.0,1.0
1285.0,21.416666666666668,71046733824.0,22751485952.0,92737339392.0,92762637727.5,0.0,9276205022.296892,1000000.0,589549.8125,3201.6875,3099.6875,1393784.5,1210166.5,1309829.5,14.441299438476562,119.4227066040039,1290.0,1.0
1290.0,21.5,71046782976.0,22602014720.0,92873277440.0,92898698219.1875,0.0,9289810985.18783,1000000.0,587247.5625,3202.375,3100.125,1395746.0,1212812.0,1310840.0,14.393796920776367,119.73484802246094,1293.0,1.0
1295.0,21.583333333333332,71046815744.0,22453512192.0,93008330752.0,93033864772.4375,0.0,9303327554.809189,1000000.0,582678.125,3203.125,3100.125,1396729.5,1212800.625,1312778.75,14.346297264099121,120.3593978881836,1299.0,1.0
1300.0,21.666666666666668,71046873088.0,22305964032.0,93142564864.0,93168143181.20312,0.0,9316755310.575861,1000000.0,578108.5625,3204.5625,3100.375,1399660.75,1214838.0,1314720.0,14.298995971679688,120.9842529296875,1305.0,1.0
1305.0,21.75,71047036928.0,22159384576.0,93275930624.0,93301539184.42188,0.0,9330094826.288431,1000000.0,575826.25,3204.875,3100.625,1399972.75,1215127.5,1315661.125,14.251848220825195,121.29674530029297,1308.0,1.0
1310.0,21.833333333333332,71047225344.0,22013759488.0,93408395264.0,93434058590.0625,0.0,9343346682.859169,1000000.0,571299.3125,3205.8125,3100.9375,1400818.125,1215236.125,1317489.0,14.204776763916016,121.92192077636719,1314.0,1.0
1315.0,21.916666666666668,71047487488.0,21869076480.0,93539934208.0,93565707060.82812,0.0,9356511446.507856,1000000.0,566803.1875,3206.875,3101.4375,1403117.375,1215719.0,1319390.0,14.157833099365234,122.54743194580078,1320.0,1.0
1320.0,22.0,71047823360.0,21725374464.0,93670588416.0,93696490357.75781,0.0,9369589693.375975,1000000.0,564557.8125,3207.375,3101.75,1403684.25,1219397.75,1320257.375,14.111067771911621,122.86026763916016,1323.0,1.0
1325.0,22.083333333333332,71048200192.0,21582608384.0,93800357888.0,93826414279.3125,0.0,9382582003.269878,1000000.0,560107.4375,3208.6875,3102.0,1407767.0,1220395.5,1322278.0,14.064567565917969,123.48612976074219,1329.0,1.0
1330.0,22.166666666666668,71048593408.0,21440776192.0,93929291776.0,93955484386.74219,0.0,9395488932.30864,1000000.0,555734.875,3209.75,3102.6875,1408973.75,1222199.25,1324246.25,14.018132209777832,124.11233520507812,1335.0,1.0
1335.0,22.25,71049019392.0,21299886080.0,94057414656.0,94083706350.33594,0.0,9408311047.560581,1000000.0,553555.8125,3210.0,3102.8125,1409262.375,1222392.875,1325045.0,13.971932411193848,124.4255142211914,1338.0,1.0
1340.0,22.333333333333332,71049428992.0,21159903232.0,94184660992.0,94211085685.17969,0.0,9421048900.448334,1000000.0,549286.5,3211.0,3102.9375,1413204.75,1224900.5,1326881.25,13.925837516784668,125.05205535888672,1344.0,1.0
1345.0,22.416666666666668,71049846784.0,21020831744.0,94311055360.0,94337627854.25,0.0,9433703037.361162,1000000.0,545018.375,3212.25,3103.0625,1414581.5,1227285.0,1328618.125,13.879969596862793,125.67891693115234,1350.0,1.0
1350.0,22.5,71050199040.0,20882655232.0,94436655104.0,94463338292.75781,0.0,9446274001.679504,1000000.0,542863.0,3212.6875,3103.0625,1416082.75,1227297.5,1329534.25,13.834254264831543,125.99248504638672,1353.0,1.0
1355.0,22.583333333333332,71050543104.0,20745369600.0,94561492992.0,94588222344.57031,0.0,9458762327.615788,1000000.0,538664.75,3213.5625,3103.0625,1418372.75,1227221.375,1331436.0,13.788793563842773,126.61983489990234,1359.0,1.0
1360.0,22.666666666666668,71050805248.0,20608966656.0,94685560832.0,94712285331.4375,0.0,9471168547.604721,1000000.0,534468.1875,3214.5,3102.875,1421116.25,1227426.25,1333285.5,13.743456840515137,127.24747467041016,1365.0,1.0
1365.0,22.75,71051034624.0,20473444352.0,94808801280.0,94835532529.63281,0.0,9483493189.325844,1000000.0,532359.5625,3214.8125,3102.875,1421416.75,1227662.0,1334113.375,13.698163986206055,127.5614242553711,1368.0,1.0
1370.0,22.833333333333332,71051321344.0,20338808832.0,94931181568.0,94957969248.71094,0.0,9495736783.653208,1000000.0,528223.4375,3215.6875,3103.0625,1423531.125,1228103.75,1336105.0,13.653120994567871,128.18954467773438,1374.0,1.0
1375.0,22.916666666666668,71051550720.0,20205072384.0,95052668928.0,95079600851.26562,0.0,9507899866.960209,1000000.0,524069.03125,3216.5,3102.875,1426279.625,1227703.5,1337868.75,13.608059883117676,128.81790161132812,1380.0,1.0
1380.0,23.0,71051771904.0,20072228864.0,95173361664.0,95200432697.86719,0.0,9519982975.143126,1000000.0,522010.28125,3216.5,3102.9375,1426519.75,1227749.0,1338822.25,13.563103675842285,129.13217163085938,1383.0,1.0
1385.0,23.083333333333332,71052034048.0,19940339712.0,95293259776.0,95320470320.69531,0.0,9531986661.516045,1000000.0,517930.375,3217.1875,3103.0,1428819.375,1227738.75,1340665.75,13.518397331237793,129.76084899902344,1389.0,1.0
1390.0,23.166666666666668,71052263424.0,19809359872.0,95412396032.0,95439719372.25,0.0,9543911491.279272,1000000.0,513854.3125,3218.125,3102.8125,1434686.625,1227768.5,1342413.75,13.473748207092285,130.38970947265625,1395.0,1.0
1395.0,23.25,71052410880.0,19679254528.0,95530754048.0,95558185173.96875,0.0,9555757996.442017,1000000.0,511835.78125,3218.5,3103.0,1435094.25,1227973.625,1343349.0,13.429169654846191,130.7042236328125,1398.0,1.0
1400.0,23.333333333333332,71052558336.0,19550013440.0,95648301056.0,95675872965.28125,0.0,9567526700.914444,1000000.0,507819.8125,3219.5625,3103.3125,1436412.75,1230000.5,1345146.625,13.384876251220703,131.33338928222656,1404.0,1.0
1405.0,23.416666666666668,71052623872.0,19421587456.0,95765069824.0,95792787752.0625,0.0,9579218105.487797,1000000.0,503844.46875,3220.625,3103.375,1439101.5,1230101.25,1346849.0,13.340608596801758,131.9627685546875,1410.0,1.0
1410.0,23.5,71052746752.0,19293984768.0,95881117696.0,95908934431.80469,0.0,9590832699.868027,1000000.0,501848.65625,3221.125,3103.4375,1440722.5,1231027.5,1347729.0,13.296602249145508,132.2775421142578,1413.0,1.0
1415.0,23.583333333333332,71052951552.0,19167219712.0,95996461056.0,96024318004.02344,0.0,9602370984.054743,1000000.0,497893.59375,3221.5,3103.4375,1442982.25,1231199.75,1349399.0,13.25290584564209,132.90719604492188,1419.0,1.0
1420.0,23.666666666666668,71053139968.0,19041282048.0,96111067136.0,96138943488.89062,0.0,9613833460.018671,1000000.0,493980.5625,3222.125,3103.5,1444364.5,1230785.75,1351052.0,13.209410667419434,133.537109375,1425.0,1.0
1425.0,23.75,71053393920.0,18916157440.0,96224903168.0,96252815780.39844,0.0,9625220617.168304,1000000.0,492058.46875,3222.6875,3103.5625,1444826.625,1230753.875,1351867.25,13.16609001159668,133.85211181640625,1428.0,1.0
1430.0,23.833333333333332,71053680640.0,18791839744.0,96337952768.0,96365939753.14844,0.0,9636532942.796865,1000000.0,488207.28125,3223.5625,3103.4375,1447036.5,1230463.75,1353529.5,13.122847557067871,134.4823455810547,1434.0,1.0
1435.0,23.916666666666668,71054057472.0,18668343296.0,96450248704.0,96478320261.90625,0.0,9647770922.53754,1000000.0,484345.0625,3224.375,3103.375,1448705.25,1231861.25,1355076.125,13.079597473144531,135.11282348632812,1440.0,1.0
