time_min,time_hr,vol_base_geom_m3,mass_base_kg,mass_top_kg,cum_entrained_kg,cum_stripped_kg,cum_base_loss_kg,max_ppm_z,p95_ppm_z,area_danger_km2,area_lethal_km2,pop_danger,pop_lethal,expected_fatalities,max_flow_speed_mps,mean_exposure_min,max_exposure_min,max_Pdeath
0.0,0.0,2983836928.0,5381680128.0,92198816.0,97869190.53125,5670365.78125,3262246.5368664004,1000000.0,420.0,90.375,88.8125,24663.27734375,23916.875,23738.373046875,24.019397735595703,0.008739606477320194,3.0,1.0
5.0,0.08333333333333333,2980852992.0,5282622464.0,172192128.0,193845556.6171875,21653981.78125,6461400.083907062,1000000.0,420.0,162.25,159.125,19353.09375,18444.701171875,18352.14453125,24.205984115600586,0.03686666116118431,9.0,1.0
10.0,0.16666666666666666,2979355136.0,5185397760.0,241476016.0,288055980.890625,46581037.78125,9601689.98275799,1000000.0,420.0,223.125,217.0625,20278.158203125,16878.3359375,16865.494140625,24.263582229614258,0.07735837996006012,15.0,1.0
15.0,0.25,2978399488.0,5089926656.0,301291360.0,380532147.6640625,79241165.78125,12684172.365166036,1000000.0,420.0,251.5,244.8125,22136.8203125,17437.43359375,17200.248046875,24.757633209228516,0.10181252658367157,18.0,1.0
20.0,0.3333333333333333,2977699584.0,4996195840.0,352738432.0,471305500.9296875,118566125.78125,15709895.33448967,1000000.0,420.0,303.1875,294.375,26324.26171875,19264.58984375,19037.98046875,25.8297061920166,0.15852126479148865,24.0,1.0
25.0,0.4166666666666667,2977147648.0,4904175616.0,396793376.0,560407128.6953125,163612461.78125,18679895.132720318,1000000.0,420.0,349.75,337.125,28380.5546875,18483.4921875,19100.087890625,25.859619140625,0.22474128007888794,30.0,1.0
30.0,0.5,2976689664.0,4813843456.0,434320416.0,647867609.609375,213545645.78125,21595191.05233298,1000000.0,420.0,371.25,356.6875,29081.37890625,16704.93359375,18250.2578125,26.00011444091797,0.2610815465450287,33.0,1.0
35.0,0.5833333333333334,2976299520.0,4725172736.0,466085920.0,733717098.7109375,267629709.78125,24456788.22105419,1000000.0,420.0,409.875,391.1875,27005.44140625,13332.27734375,15084.5244140625,25.915084838867188,0.33973798155784607,39.0,1.0
40.0,0.6666666666666666,2975959808.0,4638131712.0,492769088.0,817985221.828125,325215245.78125,27265674.15351354,1000000.0,420.0,443.5,425.1875,20856.5234375,11369.96484375,12196.349609375,25.785831451416016,0.42559072375297546,45.0,1.0
45.0,0.75,2975661056.0,4552695296.0,514971936.0,900701037.5546875,385728173.78125,30022817.461542282,1000000.0,420.0,459.125,440.5,18164.875,10313.376953125,11334.7041015625,25.636428833007812,0.47092780470848083,48.0,1.0
50.0,0.8333333333333334,2975396096.0,4468825088.0,533227840.0,981893156.453125,448661165.78125,32729171.8010694,1000000.0,420.0,489.3125,469.75,12983.46484375,9250.064453125,9880.5908203125,25.47338104248047,0.5659508109092712,54.0,1.0
55.0,0.9166666666666666,2975159040.0,4386494976.0,548009920.0,1061589500.3515625,513572077.78125,35385667.8889195,1000000.0,420.0,519.125,498.0,10537.587890625,8462.9921875,8869.3759765625,25.305191040039062,0.6666028499603271,60.0,1.0
60.0,1.0,2974947072.0,4305686528.0,559736896.0,1139817602.234375,580069997.78125,37993223.46305372,1000000.0,420.0,534.1875,511.0,9826.943359375,7656.78515625,8429.71875,25.125951766967773,0.7191182374954224,63.0,1.0
65.0,1.0833333333333333,2974755072.0,4226362368.0,568779840.0,1216604539.265625,647810861.78125,40552741.10740695,1000000.0,420.0,563.1875,536.5625,9053.0595703125,6887.3154296875,7387.06982421875,24.942237854003906,0.8283722996711731,69.0,1.0
70.0,1.1666666666666667,2974580224.0,4148500480.0,575467328.0,1291976856.8515625,716489197.78125,43065105.62511542,1000000.0,420.0,591.8125,563.6875,7810.16796875,6346.298828125,6717.24853515625,24.754785537719727,0.9434707164764404,75.0,1.0
75.0,1.25,2974422016.0,4072075264.0,580089984.0,1365960570.796875,785845293.78125,45531184.20446766,1000000.0,420.0,604.5625,574.5625,7644.48828125,5875.81005859375,6415.5556640625,24.56381607055664,1.0029370784759521,78.0,1.0
80.0,1.3333333333333333,2974279168.0,3997060096.0,582905664.0,1438581404.6640625,855646125.78125,47951834.28342202,1000000.0,420.0,628.1875,596.5625,6831.7529296875,5542.6044921875,5844.65673828125,24.37063980102539,1.1255548000335693,84.0,1.0
85.0,1.4166666666666667,2974150400.0,3923411968.0,584142016.0,1509864271.265625,925687533.78125,50327886.272527985,1000000.0,420.0,651.3125,616.25,6258.42431640625,5148.486328125,5440.1669921875,24.176694869995117,1.2529221773147583,90.0,1.0
90.0,1.5,2974035200.0,3851139328.0,584001664.0,1579833810.75,995793709.78125,52660161.49205172,1000000.0,420.0,662.125,625.6875,6083.3056640625,5035.7275390625,5253.9697265625,23.981473922729492,1.3182687759399414,93.0,1.0
95.0,1.5833333333333333,2973932032.0,3780197376.0,582663936.0,1648514540.234375,1065810093.78125,54949477.1740882,1000000.0,420.0,683.875,642.875,5685.02392578125,4449.29541015625,5013.80126953125,23.785717010498047,1.4525452852249146,99.0,1.0
100.0,1.6666666666666667,2973841152.0,3710544640.0,580286912.0,1715929914.9921875,1135601837.78125,57196615.135405846,1000000.0,420.0,705.125,662.5,5394.9248046875,4164.16259765625,4564.462890625,23.591222763061523,1.5909672975540161,105.0,1.0
105.0,1.75,2973759744.0,3642182656.0,577010048.0,1782103160.2421875,1205051629.78125,59402349.544424415,1000000.0,420.0,713.375,671.5625,5151.30224609375,3931.986572265625,4373.3984375,23.396879196166992,1.6614704132080078,108.0,1.0
110.0,1.8333333333333333,2973688064.0,3575072512.0,572955840.0,1847057199.8515625,1274060077.78125,61567444.494160526,1000000.0,420.0,729.125,685.4375,4880.69091796875,3697.55908203125,4008.54931640625,23.20208740234375,1.804749608039856,114.0,1.0
115.0,1.9166666666666667,2973624064.0,3509206528.0,568232512.0,1910814438.5429688,1342540845.78125,63692646.81739808,1000000.0,420.0,741.9375,698.125,4538.380859375,3466.74951171875,3768.0537109375,23.006181716918945,1.9507328271865845,120.0,1.0
120.0,2.0,2973568256.0,3444552704.0,562936128.0,1973397068.0,1410418221.78125,65778696.22204706,1000000.0,420.0,747.4375,702.1875,4323.1201171875,3441.01953125,3677.04052734375,22.813623428344727,2.0247533321380615,123.0,1.0
125.0,2.0833333333333335,2973519616.0,3381085440.0,557151936.0,2034826606.625,1477630829.78125,67826309.96594337,955348.625,420.0,758.75,711.0625,4124.9990234375,3294.67919921875,3553.62109375,22.6207218170166,2.1748340129852295,129.0,1.0
130.0,2.1666666666666665,2973477376.0,3318801664.0,550954880.0,2095124404.3203125,1544124269.78125,69836199.70861787,901747.0625,420.0,771.5,719.0,3983.39599609375,3094.0966796875,3411.705322265625,22.4282169342041,2.327624559402466,135.0,1.0
135.0,2.25,2973440256.0,3257658624.0,544411712.0,2154311413.875,1609856429.78125,71809063.86011335,876286.125,420.0,778.5625,722.9375,3929.089599609375,2955.966796875,3343.173095703125,22.236467361450195,2.404958963394165,138.0,1.0
140.0,2.3333333333333335,2973407488.0,3197635072.0,537581056.0,2212407921.875,1674779885.78125,73745578.62054662,827825.5,420.0,789.0625,731.4375,3795.60009765625,2758.91748046875,3173.01611328125,22.045513153076172,2.5612969398498535,144.0,1.0
145.0,2.4166666666666665,2973379328.0,3138730240.0,530515008.0,2269434056.2851562,1738869197.78125,75646414.91812465,782439.625,420.0,798.5625,739.9375,3690.96337890625,2655.0068359375,2996.640625,21.855470657348633,2.7196385860443115,150.0,1.0
150.0,2.5,2973355520.0,3080912128.0,523259776.0,2325409769.6757812,1802101453.78125,77512237.82162781,760829.9375,420.0,802.5,743.625,3563.9248046875,2588.453125,2908.369140625,21.66568374633789,2.79951548576355,153.0,1.0
155.0,2.5833333333333335,2973334784.0,3024147200.0,515854848.0,2380354246.2148438,1864452813.78125,79343686.79470657,719640.1875,420.0,810.3125,748.375,3428.4228515625,2528.422119140625,2753.796142578125,21.477739334106445,2.9603278636932373,159.0,1.0
160.0,2.6666666666666665,2973316096.0,2968422656.0,508334112.0,2434286325.03125,1925907853.78125,81141389.79502173,680976.875,420.0,816.75,753.125,3266.20556640625,2423.63818359375,2657.511962890625,21.291025161743164,3.1228630542755127,165.0,1.0
165.0,2.75,2973299968.0,2913736448.0,500727968.0,2487224689.59375,1986455053.78125,82905969.59158245,662658.9375,420.0,819.4375,755.1875,3171.771484375,2382.843994140625,2622.341064453125,21.104780197143555,3.20479154586792,168.0,1.0
170.0,2.8333333333333335,2973286656.0,2860069376.0,493063200.0,2539187950.9179688,2046087629.78125,84638046.54345784,628852.125,420.0,826.625,758.0,2983.773681640625,2332.153564453125,2551.27978515625,20.920169830322266,3.369791269302368,174.0,1.0
175.0,2.9166666666666665,2973275392.0,2807380480.0,485363200.0,2590194024.0742188,2104796045.78125,86338217.80731365,597114.0625,420.0,833.125,760.4375,2942.80810546875,2176.97802734375,2490.343017578125,20.736284255981445,3.536238670349121,180.0,1.0
180.0,3.0,2973264896.0,2755651328.0,477648352.0,2640260342.765625,2162579213.78125,88007064.50083819,581979.75,420.0,835.75,761.625,2929.51416015625,2097.36767578125,2460.091796875,20.552717208862305,3.619943857192993,183.0,1.0
185.0,3.0833333333333335,2973254656.0,2704875776.0,469936448.0,2689404114.4140625,2219437741.78125,89645160.18370405,553114.1875,420.0,841.625,765.875,2827.89697265625,1986.06103515625,2375.41162109375,20.371444702148438,3.7880539894104004,189.0,1.0
190.0,3.1666666666666665,2973244416.0,2655037952.0,462243360.0,2737642410.9804688,2275369805.78125,91253073.92086333,526082.3125,420.0,845.0625,768.625,2782.611328125,1903.977294921875,2264.1259765625,20.19163703918457,3.9570138454437256,195.0,1.0
195.0,3.25,2973233408.0,2606110208.0,454582592.0,2784991824.03125,2330382445.78125,92831358.75381905,513232.71875,420.0,847.0625,771.0,2791.35546875,1830.845458984375,2210.29541015625,20.012720108032227,4.041759967803955,198.0,1.0
200.0,3.3333333333333335,2973223168.0,2558090752.0,446965888.0,2831468705.7304688,2384477261.78125,94380559.73447624,488796.6875,420.0,848.375,773.1875,2748.509033203125,1694.3621826171875,2115.101318359375,19.834060668945312,4.211880207061768,204.0,1.0
205.0,3.4166666666666665,2973213952.0,2510965504.0,439403680.0,2877089336.2304688,2437662989.78125,95901219.53520937,465979.75,420.0,849.9375,775.0,2683.8017578125,1664.7037353515625,2025.2266845703125,19.657644271850586,4.382437229156494,210.0,1.0
210.0,3.5,2973204992.0,2464696320.0,431904608.0,2921869438.953125,2489942893.78125,97393862.26089178,455161.9375,420.0,849.9375,775.25,2628.1015625,1584.7301025390625,1980.828125,19.480899810791016,4.46787691116333,213.0,1.0
215.0,3.5833333333333335,2973196288.0,2419269888.0,424475968.0,2965824287.3515625,2541325261.78125,98858997.01018699,434639.5625,420.0,850.6875,775.0625,2506.18505859375,1574.66259765625,1897.818115234375,19.308761596679688,4.639080047607422,219.0,1.0
220.0,3.6666666666666665,2973188352.0,2374682112.0,417123872.0,3008968990.59375,2591822957.78125,100297127.41453825,415531.25,420.0,850.8125,773.6875,2436.365966796875,1452.268798828125,1824.9248046875,19.135852813720703,4.810689926147461,225.0,1.0
225.0,3.75,2973181184.0,2330945280.0,409854176.0,3051318795.890625,2641442797.78125,101708761.70863585,406478.53125,420.0,851.1875,773.1875,2426.904296875,1418.0174560546875,1791.967041015625,18.964599609375,4.896632194519043,228.0,1.0
230.0,3.8333333333333335,2973175808.0,2288010496.0,402671616.0,3092888604.34375,2690196589.78125,103094396.584774,389340.8125,420.0,850.8125,772.8125,2279.869140625,1392.8411865234375,1731.1239013671875,18.794397354125977,5.0687384605407715,234.0,1.0
235.0,3.9166666666666665,2973173248.0,2245857792.0,395579616.0,3133692634.0039062,2738092397.78125,104454505.96873456,373395.46875,420.0,850.6875,770.4375,2211.31005859375,1344.6446533203125,1672.883056640625,18.625511169433594,5.241024017333984,240.0,1.0
240.0,4.0,2973175296.0,2204474624.0,388581184.0,3173744850.9296875,2785143469.78125,105789555.39051609,365836.125,420.0,850.625,769.625,2152.948486328125,1340.190185546875,1644.697021484375,18.45840835571289,5.327157974243164,243.0,1.0
245.0,4.083333333333333,2973178624.0,2163855360.0,381678816.0,3213059044.234375,2831359725.78125,107100004.47404312,351475.9375,420.0,849.875,766.8125,2023.615234375,1286.927490234375,1593.1021728515625,18.292186737060547,5.499473571777344,249.0,1.0
250.0,4.166666666666667,2973183744.0,2124005632.0,374874720.0,3251648995.0820312,2876755661.78125,108386312.58285038,338042.40625,420.0,850.3125,764.6875,1958.6907958984375,1265.8515625,1550.310302734375,18.1279239654541,5.671651840209961,255.0,1.0
255.0,4.25,2973190400.0,2084889856.0,368170624.0,3289528340.3203125,2921340749.78125,109648934.27461651,331648.375,420.0,850.4375,762.5,1955.3668212890625,1228.1546630859375,1531.88427734375,17.964784622192383,5.757683753967285,258.0,1.0
260.0,4.333333333333333,2973197824.0,2046481280.0,361567360.0,3326709978.7539062,2965124845.78125,110888299.49789323,319431.59375,420.0,849.5,759.3125,1902.9715576171875,1158.05029296875,1498.66748046875,17.802936553955078,5.9296464920043945,264.0,1.0
265.0,4.416666666666667,2973206784.0,2008769536.0,355065376.0,3363206540.78125,3008123853.78125,112104829.25969441,307895.125,420.0,848.125,755.875,1813.804931640625,1114.377685546875,1467.889404296875,17.642410278320312,6.101459503173828,270.0,1.0
270.0,4.5,2973216768.0,1971746048.0,348664896.0,3399030487.1679688,3050348717.78125,113298938.9123263,302354.96875,420.0,847.625,753.1875,1778.174072265625,1075.39013671875,1452.802490234375,17.483631134033203,6.187342166900635,273.0,1.0
275.0,4.583333333333333,2973228032.0,1935409408.0,342366144.0,3434194185.046875,3091811245.78125,114471040.6887092,291684.25,420.0,846.5625,748.8125,1705.3153076171875,1009.1174926757812,1421.8482666015625,17.323781967163086,6.359029769897461,279.0,1.0
280.0,4.666666666666667,2973240064.0,1899763712.0,336169376.0,3468710026.0664062,3132524205.78125,115621547.62734902,281509.53125,420.0,845.4375,744.25,1704.83740234375,980.171630859375,1388.32763671875,17.16861343383789,6.530753135681152,285.0,1.0
285.0,4.75,2973252096.0,1864803712.0,330074784.0,3502590483.6523438,3172500589.78125,116750875.5064287,276594.96875,420.0,844.4375,741.125,1698.8675537109375,952.0755004882812,1370.419677734375,17.0128231048584,6.616629600524902,288.0,1.0
290.0,4.833333333333333,2973265152.0,1830476544.0,324081856.0,3535847378.5234375,3211751277.78125,117859418.34439257,267097.25,420.0,842.375,735.8125,1667.928955078125,933.4954833984375,1332.529052734375,16.858060836791992,6.788365364074707,294.0,1.0
295.0,4.916666666666667,2973277952.0,1796767360.0,318189824.0,3568491958.623047,3250289069.78125,118947551.06585313,258000.171875,420.0,841.25,729.875,1644.34228515625,883.2246704101562,1292.463623046875,16.706594467163086,6.959939002990723,300.0,1.0
300.0,5.0,2973289984.0,1763665664.0,312397632.0,3600535255.357422,3288126189.78125,120015641.37302746,253587.5625,420.0,839.875,727.3125,1641.616943359375,873.2164306640625,1271.8990478515625,16.555301666259766,7.045642375946045,303.0,1.0
305.0,5.083333333333333,2973302016.0,1731163648.0,306704288.0,3631988114.888672,3325273389.78125,121064050.80086364,245019.8125,420.0,837.8125,721.4375,1623.244873046875,821.2344360351562,1230.296142578125,16.405433654785156,7.216970920562744,309.0,1.0
310.0,5.166666666666667,2973314816.0,1699259520.0,301108672.0,3662861313.5976562,3361742605.78125,122093138.55576344,236775.671875,420.0,835.3125,715.4375,1605.3797607421875,770.5562744140625,1188.822998046875,16.256311416625977,7.388251304626465,315.0,1.0
315.0,5.25,2973326848.0,1667958528.0,295609952.0,3693165674.3632812,3397546061.78125,123103265.39436264,232773.78125,420.0,834.5,712.5,1563.63818359375,699.36474609375,1168.329345703125,16.10883140563965,7.473841190338135,318.0,1.0
320.0,5.333333333333333,2973339648.0,1637233920.0,290207168.0,3722911832.8398438,3432695981.78125,124094785.83142106,225005.171875,420.0,833.0,706.5,1516.99658203125,666.1644897460938,1127.8829345703125,15.96126937866211,7.644888401031494,324.0,1.0
325.0,5.416666666666667,2973352448.0,1607068544.0,284899040.0,3752109998.9121094,3467203917.78125,125068040.19163556,219190.9375,420.0,830.75,699.5,1471.15283203125,638.9644775390625,1087.896240234375,15.817187309265137,7.815726280212402,330.0,1.0
330.0,5.5,2973365504.0,1577453184.0,279684384.0,3780770143.6914062,3501079405.78125,126023360.84222464,216435.015625,420.0,830.25,696.8125,1463.45703125,634.4213256835938,1067.88671875,15.673683166503906,7.901052951812744,333.0,1.0
335.0,5.583333333333333,2973378048.0,1548385024.0,274561792.0,3808902124.501953,3534335597.78125,126961076.34103422,210857.046875,420.0,827.5,689.625,1457.3280029296875,583.404296875,1027.3900146484375,15.53033447265625,8.071501731872559,339.0,1.0
340.0,5.666666666666667,2973390848.0,1519863296.0,269530240.0,3836515818.5585938,3566981805.78125,127881515.93425669,206102.96875,420.0,824.9375,682.125,1434.0750732421875,546.572509765625,985.7666015625,15.390056610107422,8.241658210754395,345.0,1.0
345.0,5.75,2973403904.0,1491866496.0,264588528.0,3863620856.1621094,3599029757.78125,128785000.62150528,203778.609375,420.0,823.6875,678.625,1429.4422607421875,529.9435424804688,964.435302734375,15.2500638961792,8.326643943786621,348.0,1.0
350.0,5.833333333333333,2973416192.0,1464383360.0,259735264.0,3890226592.7929688,3630489549.78125,129671842.25030707,199148.171875,420.0,820.5,672.0625,1359.892578125,529.2091674804688,920.8377075195312,15.110182762145996,8.496380805969238,354.0,1.0
355.0,5.916666666666667,2973427712.0,1437400448.0,254968912.0,3916342143.7070312,3661372957.78125,130542344.65428333,194547.6875,420.0,817.625,663.1875,1337.901611328125,516.755859375,876.4876708984375,14.973121643066406,8.665765762329102,360.0,1.0
360.0,6.0,2973438976.0,1410911744.0,250288128.0,3941976452.8359375,3691689197.78125,131396805.95934223,192257.96875,420.0,816.0625,658.75,1305.924072265625,507.3311767578125,854.2984619140625,14.837100982666016,8.750337600708008,363.0,1.0
365.0,6.083333333333333,2973448704.0,1384918016.0,245691648.0,3967138408.998047,3721448637.78125,132235522.45368034,187704.609375,420.0,812.25,648.25,1257.195556640625,437.03936767578125,810.4714965820312,14.701973915100098,8.919190406799316,369.0,1.0
370.0,6.166666666666667,2973457152.0,1359407616.0,241178272.0,3991836855.470703,3750661645.78125,133058788.90660976,183180.28125,420.0,808.25,638.875,1228.45556640625,426.59466552734375,768.197998046875,14.567970275878906,9.087587356567383,375.0,1.0
375.0,6.25,2973464832.0,1334367872.0,236746432.0,4016080357.7441406,3779338637.78125,133866890.83205666,180933.1875,420.0,806.4375,634.125,1215.573486328125,418.92279052734375,747.8888549804688,14.435111045837402,9.171615600585938,378.0,1.0
380.0,6.333333333333333,2973471488.0,1309789056.0,232394864.0,4039877316.4160156,3807488109.78125,134660108.24146008,176477.375,420.0,801.9375,626.0,1143.1365966796875,396.0116882324219,709.2359619140625,14.303388595581055,9.339390754699707,384.0,1.0
385.0,6.416666666666667,2973478144.0,1285656448.0,228122384.0,4063235880.1835938,3835120125.78125,135438712.75877976,172077.796875,420.0,797.6875,616.875,1129.0201416015625,339.4212341308594,673.3712158203125,14.172809600830078,9.506711959838867,390.0,1.0
390.0,6.5,2973485056.0,1261964160.0,223927584.0,4086164021.7109375,3862242669.78125,136202970.1290021,169900.734375,420.0,795.1875,612.3125,1108.535400390625,336.607421875,656.4727783203125,14.0433349609375,9.590189933776855,393.0,1.0
395.0,6.583333333333333,2973492224.0,1238709120.0,219809136.0,4108669635.392578,3888867805.78125,136953143.4983192,165598.703125,420.0,790.3125,603.0625,1051.53759765625,303.9993896484375,624.5945434570312,13.914971351623535,9.75677490234375,399.0,1.0
400.0,6.666666666666667,2973499392.0,1215890944.0,215765744.0,4130760594.501953,3915003117.78125,137689495.30287257,161362.59375,420.0,785.3125,592.75,1045.0716552734375,285.6360168457031,594.963134765625,13.787999153137207,9.922850608825684,405.0,1.0
405.0,6.75,2973505536.0,1193497472.0,211796240.0,4152444663.267578,3940657709.78125,138412284.34410277,159273.953125,420.0,782.875,587.8125,1018.6529541015625,278.2634582519531,580.8615112304688,13.661959648132324,10.005694389343262,408.0,1.0
410.0,6.833333333333333,2973512704.0,1171520896.0,207899424.0,4173729410.2148438,3965839821.78125,139121762.901855,155146.578125,420.0,778.6875,576.5,1000.5216064453125,229.14793395996094,553.81591796875,13.53709602355957,10.171029090881348,414.0,1.0
415.0,6.916666666666667,2973519104.0,1149945344.0,204073968.0,4194622209.0429688,3990558269.78125,139818176.76066795,151093.3125,420.0,773.5625,564.125,962.0491943359375,217.3292694091797,528.0062255859375,13.413212776184082,10.335897445678711,420.0,1.0
420.0,7.0,2973525504.0,1128761600.0,200318576.0,4215130181.9804688,4014822125.78125,140501763.3265469,149098.6875,420.0,771.125,557.5,907.105712890625,205.49154663085938,515.4584350585938,13.290397644042969,10.418088912963867,423.0,1.0
425.0,7.083333333333333,2973532160.0,1107963008.0,196631840.0,4235260318.2910156,4038639069.78125,141172755.56790748,145169.03125,420.0,765.6875,546.0,794.2138671875,185.33358764648438,490.9066162109375,13.168681144714355,10.582030296325684,429.0,1.0
430.0,7.166666666666667,2973539328.0,1087544576.0,193012480.0,4255019504.4648438,4062017997.78125,141831383.0314412,141321.5,420.0,760.1875,534.6875,765.22119140625,180.34164428710938,466.895751953125,13.048101425170898,10.745474815368652,435.0,1.0
435.0,7.25,2973546752.0,1067504256.0,189459232.0,4274414558.6835938,4084966925.78125,142477872.98533812,139425.015625,420.0,757.0,527.6875,745.9224853515625,167.4864501953125,455.043212890625,12.928628921508789,10.826966285705566,438.0,1.0
440.0,7.333333333333333,2973556224.0,1047841664.0,185971136.0,4293452285.373047,4107493245.78125,143112452.24174345,135696.25,420.0,751.0625,513.4375,684.4962158203125,140.17129516601562,431.56781005859375,12.810245513916016,10.98954963684082,444.0,1.0
445.0,7.416666666666667,2973565184.0,1028552000.0,182547168.0,4312139449.708984,4129604893.78125,143735346.2974745,132051.09375,420.0,745.0,496.0625,667.6897583007812,110.6971206665039,408.3515625,12.692445755004883,11.15141487121582,450.0,1.0
450.0,7.5,2973575424.0,1009622848.0,179186368.0,4330482672.494141,4151309661.78125,144346775.84731185,130257.0078125,420.0,741.625,486.8125,660.344482421875,105.661865234375,396.8380126953125,12.576370239257812,11.232123374938965,453.0,1.0
455.0,7.583333333333333,2973586176.0,991037504.0,175887472.0,4348488275.574219,4172614013.78125,144946951.6125513,126731.578125,420.0,734.5,460.75,638.0799560546875,89.59522247314453,374.009765625,12.461331367492676,11.39301872253418,459.0,1.0
460.0,7.666666666666667,2973599232.0,972788032.0,172649328.0,4366162372.121094,4193526637.78125,145536077.36254966,123289.171875,420.0,727.25,419.8125,616.4649047851562,66.93479919433594,351.4771728515625,12.347145080566406,11.553227424621582,465.0,1.0
465.0,7.75,2973613056.0,954868032.0,169470672.0,4383510946.537109,4214054397.78125,146114352.57298917,121599.71875,420.0,723.0,385.9375,615.4407348632812,54.620635986328125,340.3360900878906,12.233989715576172,11.633086204528809,468.0,1.0
470.0,7.833333333333333,2973627904.0,937274816.0,166350336.0,4400539901.458984,4234204173.78125,146681973.99758044,118282.9921875,420.0,715.8125,269.625,577.2427978515625,20.243154525756836,318.314208984375,12.121811866760254,11.792306900024414,474.0,0.9999998807907104
475.0,7.916666666666667,2973645312.0,920007424.0,163287296.0,4417255109.603516,4253982397.78125,147239137.38601503,115045.5859375,420.0,708.0,128.75,553.6886596679688,11.111957550048828,296.6596374511719,12.010564804077148,11.950905799865723,480.0,0.9999994039535522
480.0,8.0,2973663488.0,903064256.0,160280512.0,4433662427.083008,4273396365.78125,147786037.94106779,113456.1171875,420.0,704.375,58.6875,542.7718505859375,7.140260219573975,285.97027587890625,11.900405883789062,12.02995777130127,483.0,0.9999987483024597
485.0,8.083333333333334,2973682176.0,886432832.0,157329072.0,4449767593.568359,4292453709.78125,148322866.98111114,110336.0,420.0,697.1875,1.125,521.0069580078125,4.0821990966796875,264.8741149902344,11.791158676147461,12.187461853027344,489.0,0.999994158744812
490.0,8.166666666666666,2973701632.0,870103424.0,154431952.0,4465576117.892578,4311160109.78125,148849808.1311291,107295.953125,420.0,689.125,0.25,501.7661437988281,1.5840632971997337e-10,244.1237030029297,11.682960510253906,12.344278335571289,495.0,0.999976634979248
495.0,8.25,2973721600.0,854071168.0,151588016.0,4481093390.084961,4329521629.78125,149367041.0542754,105805.90625,420.0,684.9375,0.25,498.62744140625,1.5840632971997337e-10,233.87709045410156,11.575690269470215,12.422384262084961,498.0,0.9999553561210632
500.0,8.333333333333334,2973741568.0,838334272.0,148796288.0,4496324739.866211,4347544973.78125,149874743.40576646,102884.453125,420.0,677.25,0.1875,470.4363098144531,7.548986435956806e-11,213.64031982421875,11.46937084197998,12.578034400939941,504.0,0.9998509287834167
505.0,8.416666666666666,2973761536.0,822894144.0,146055888.0,4511275487.395508,4365236317.78125,150373092.51846212,100042.6953125,420.0,668.1875,0.0625,447.01763916015625,0.0,193.7625274658203,11.364094734191895,12.732858657836914,510.0,0.9995552897453308
510.0,8.5,2973780736.0,807742464.0,143366080.0,4525950937.042969,4382602157.78125,150862265.20454243,98649.2734375,420.0,664.25,0.0,434.25933837890625,0.0,183.97457885742188,11.259668350219727,12.809947967529297,513.0,0.9992614388465881
515.0,8.583333333333334,2973799680.0,792866240.0,140725856.0,4540356142.2734375,4399648221.78125,151342429.909064,95920.34375,420.0,655.25,0.0,416.3775634765625,0.0,164.745849609375,11.156341552734375,12.963510513305664,519.0,0.9981117248535156
520.0,8.666666666666666,2973817600.0,778259904.0,138134192.0,4554496008.689453,4416380589.78125,151813750.1490615,93269.0546875,420.0,647.8125,0.0,382.1573486328125,0.0,146.07472229003906,11.05389404296875,13.116127014160156,525.0,0.9956138730049133
525.0,8.75,2973835776.0,763919488.0,135590112.0,4568375357.234375,4432804109.78125,152276386.61902505,91971.890625,420.0,644.5625,0.0,360.7327575683594,0.0,136.99264526367188,10.951704025268555,13.192062377929688,528.0,0.9935375452041626
530.0,8.833333333333334,2973852928.0,749842624.0,133092800.0,4581998949.978516,4448925669.78125,152730498.05091235,89433.2421875,420.0,637.125,0.0,341.43572998046875,0.0,119.43121337890625,10.851885795593262,13.343111991882324,534.0,0.9868338108062744
535.0,8.916666666666666,2973870848.0,736032640.0,130641400.0,4595371544.092773,4464750493.78125,153176243.01562324,86964.78125,420.0,630.125,0.0,325.720703125,0.0,102.8248062133789,10.75223159790039,13.493006706237793,540.0,0.9752062559127808
540.0,9.0,2973889536.0,722483008.0,128235184.0,4608497933.87793,4480283245.78125,153613781.32078448,85757.1796875,420.0,626.75,0.0,306.1541748046875,0.0,94.93856048583984,10.653300285339355,13.567547798156738,543.0,0.9669110178947449
545.0,9.083333333333334,2973908480.0,709179840.0,125873328.0,4621382653.220703,4495530445.78125,154043264.09047022,83393.9140625,420.0,619.0625,0.0,289.1430969238281,0.0,80.10242462158203,10.555912017822266,13.715804100036621,549.0,0.944050133228302
550.0,9.166666666666666,2973926400.0,696117504.0,123554952.0,4634030088.479492,4510496157.78125,154464837.5365786,81101.78125,420.0,610.5625,0.0,277.923583984375,0.0,66.63489532470703,10.458355903625488,13.862972259521484,555.0,0.9113664627075195
555.0,9.25,2973944832.0,683292160.0,121279280.0,4646444537.807617,4525186789.78125,154878644.9271365,79982.4296875,420.0,606.3125,0.0,270.384765625,0.0,60.44673538208008,10.362972259521484,13.936119079589844,558.0,0.8909542560577393
560.0,9.333333333333334,2973963008.0,670701056.0,119045440.0,4658630242.599609,4539606565.78125,155284827.63868895,77794.734375,420.0,596.875,0.0,226.51290893554688,0.0,49.195499420166016,10.267091751098633,14.081498146057129,564.0,0.8417022228240967
565.0,9.416666666666666,2973980928.0,658340928.0,116852656.0,4670591386.560547,4553760813.78125,155683525.127027,75670.7265625,420.0,584.875,0.0,212.1276092529297,0.0,39.456275939941406,10.173271179199219,14.225746154785156,570.0,0.7816098928451538
570.0,9.5,2974000128.0,646216064.0,114700208.0,4682332141.5390625,4567654149.78125,156074876.45088673,74632.921875,420.0,579.1875,0.0,208.4452667236328,0.0,35.14531707763672,10.080095291137695,14.29737377166748,573.0,0.7479761838912964
575.0,9.583333333333334,2974020096.0,634322304.0,112587552.0,4693856765.413086,4581291781.78125,156459023.53747112,72603.3046875,420.0,565.5625,0.0,183.38824462890625,0.0,27.586435317993164,9.987541198730469,14.43963623046875,579.0,0.6749781370162964
580.0,9.666666666666666,2974038016.0,622644160.0,110513936.0,4705169248.933594,4594678461.78125,156836099.40666553,70636.25,420.0,550.125,0.0,149.4239959716797,0.0,21.3564510345459,9.895853042602539,14.58037281036377,585.0,0.5969820618629456
585.0,9.75,2974054656.0,611177472.0,108478576.0,4716273432.780273,4607818245.78125,157206232.0817634,69675.5234375,420.0,543.4375,0.0,146.3388214111328,0.0,18.69866180419922,9.80471134185791,14.650152206420898,588.0,0.557153582572937
590.0,9.833333333333334,2974071040.0,599919168.0,106480712.0,4727173095.556641,4620716197.78125,157569547.51297876,67798.0234375,420.0,529.5625,0.0,119.63673400878906,0.0,14.195947647094727,9.714726448059082,14.788496971130371,594.0,0.47791215777397156
595.0,9.916666666666666,2974088960.0,588865088.0,104519560.0,4737871949.439453,4633376045.78125,157926169.43741468,65982.1484375,420.0,514.25,0.0,114.07524108886719,0.0,10.645852088928223,9.625493049621582,14.925477027893066,600.0,0.40195634961128235
600.0,10.0,2974107136.0,578012288.0,102594448.0,4748373644.188477,4645803053.78125,158276219.5112494,65092.55078125,420.0,505.625,0.0,103.86908721923828,0.0,9.177926063537598,9.537125587463379,14.993437767028809,603.0,0.36583590507507324
605.0,10.083333333333334,2974123008.0,567358656.0,100704712.0,4758681780.78125,4658001277.78125,158619817.76450953,63355.05859375,420.0,485.4375,0.0,94.87894439697266,0.0,6.763760566711426,9.449440956115723,15.128204345703125,609.0,0.2987843155860901
610.0,10.166666666666666,2974139136.0,556905984.0,98849656.0,4768799943.854492,4669974613.78125,158957083.6834447,61669.515625,420.0,460.0625,0.0,73.65730285644531,0.0,4.933423042297363,9.362832069396973,15.261297225952148,615.0,0.23958639800548553
615.0,10.25,2974153984.0,546658304.0,97028880.0,4778731829.788086,4681727565.78125,159288140.4778741,60846.5703125,420.0,441.375,0.0,57.38648986816406,0.0,4.198306083679199,9.276578903198242,15.327277183532715,618.0,0.2131674885749817
620.0,10.333333333333334,2974170880.0,536596736.0,95241808.0,4788480940.376953,4693263485.78125,159613104.8721834,59238.109375,420.0,390.5625,0.0,42.53660583496094,0.0,3.020188331604004,9.191479682922363,15.458054542541504,624.0,0.1666826605796814
625.0,10.416666666666666,2974187264.0,526717600.0,93487728.0,4798050587.673828,4704587389.78125,159932087.26803735,57677.8671875,420.0,285.125,0.0,19.348461151123047,0.0,2.155433416366577,9.107017517089844,15.587210655212402,630.0,0.1283303052186966
630.0,10.5,2974202624.0,517017504.0,91766024.0,4807444026.192383,4715702981.78125,160245196.14471105,56916.55078125,420.0,99.0625,0.0,18.83264923095703,0.0,1.8156722784042358,9.023378372192383,15.651121139526367,633.0,0.11201773583889008
635.0,10.583333333333334,2974220032.0,507492224.0,90076008.0,4816664438.786133,4726613693.78125,160552537.59676886,55429.109375,420.0,2.5625,0.0,2.9774107933044434,0.0,1.2817143201828003,8.940502166748047,15.777729034423828,639.0,0.08451081812381744
640.0,10.666666666666666,2974236416.0,498139872.0,88417016.0,4825714954.172852,4737323509.78125,160854215.9120641,53987.09765625,420.0,0.75,0.0,0.10999750345945358,0.0,0.898999810218811,8.858087539672852,15.902793884277344,645.0,0.06298676133155823
645.0,10.75,2974253824.0,488960064.0,86788496.0,4834598676.477539,4747835733.78125,161150334.5610189,53281.078125,420.0,0.375,0.0,0.10999750345945358,0.0,0.7512940168380737,8.776482582092285,15.964808464050293,648.0,0.05413082242012024
650.0,10.833333333333334,2974270464.0,479954592.0,85189960.0,4843318731.655273,4758154349.78125,161440997.73682833,51900.3203125,420.0,0.1875,0.0,7.548986435956806e-11,0.0,0.5227693319320679,8.695842742919922,16.08776092529297,654.0,0.039663586765527725
655.0,10.916666666666666,2974287616.0,471114880.0,83620864.0,4851878194.597656,4768283229.78125,161726307.9376899,50561.08203125,420.0,0.0625,0.0,0.0,0.0,0.36221373081207275,8.615490913391113,16.209392547607422,660.0,0.028790932148694992
660.0,11.0,2974305536.0,462435552.0,82080640.0,4860279987.953125,4778225941.78125,162006362.58187744,49905.89453125,420.0,0.0,0.0,0.0,0.0,0.3010844588279724,8.53682804107666,16.26970672607422,663.0,0.02444700337946415
665.0,11.083333333333334,2974324480.0,453913984.0,80568768.0,4868526975.578125,4787984997.78125,162281257.12941435,48625.67578125,420.0,0.0,0.0,0.0,0.0,0.20750270783901215,8.458303451538086,16.389202117919922,669.0,0.017529156059026718
670.0,11.166666666666666,2974344448.0,445548128.0,79084664.0,4876621977.975586,4797564549.78125,162551085.59615862,47383.8125,420.0,0.0,0.0,0.0,0.0,0.1426546573638916,8.380328178405762,16.50734519958496,675.0,0.012484664097428322
675.0,11.25,2974361856.0,437339296.0,77627840.0,4884567797.478027,4806967213.78125,162815941.39054206,46775.73046875,420.0,0.0,0.0,0.0,0.0,0.11818462610244751,8.303234100341797,16.565818786621094,678.0,0.010509331710636616
680.0,11.333333333333334,2974376448.0,429285952.0,76197880.0,4892367273.368652,4816196933.78125,163075919.1544304,45586.55859375,420.0,0.0,0.0,0.0,0.0,0.08103146404027939,8.226730346679688,16.681682586669922,684.0,0.007417354267090559
685.0,11.416666666666666,2974392064.0,421379264.0,74794304.0,4900023114.858398,4825256701.78125,163331109.1919883,44431.83203125,420.0,0.0,0.0,0.0,0.0,0.05549515038728714,8.150979995727539,16.79572868347168,690.0,0.0052102976478636265
690.0,11.5,2974410496.0,413616128.0,73416568.0,4907537929.805176,4834149445.78125,163581598.43081504,43866.5703125,420.0,0.0,0.0,0.0,0.0,0.04591376334428787,8.076168060302734,16.852001190185547,693.0,0.0043595414608716965
695.0,11.583333333333334,2974427136.0,405994432.0,72064176.0,4914914284.569824,4842878245.78125,163827472.41446027,42761.3671875,420.0,0.0,0.0,0.0,0.0,0.03141861781477928,8.001799583435059,16.962942123413086,699.0,0.0030451121274381876
700.0,11.666666666666666,2974440448.0,398511360.0,70736608.0,4922154695.931641,4851445957.78125,164068815.03506434,41687.6328125,420.0,0.0,0.0,0.0,0.0,0.021496325731277466,7.928128242492676,17.071273803710938,705.0,0.002120805438607931
705.0,11.75,2974452224.0,391167840.0,69433432.0,4929261663.875488,4859856181.78125,164305709.623356,41161.65625,420.0,0.0,0.0,0.0,0.0,0.01778450608253479,7.8551411628723145,17.12427520751953,708.0,0.0017679751617833972
710.0,11.833333333333334,2974462976.0,383964096.0,68154248.0,4936237710.444336,4868111541.78125,164538240.24605882,40133.16015625,420.0,0.0,0.0,0.0,0.0,0.012180439196527004,7.782895088195801,17.227888107299805,714.0,0.0012274590553715825
715.0,11.916666666666666,2974478336.0,376893952.0,66898652.0,4943085301.5546875,4876214853.78125,164766489.09829023,39131.10546875,420.0,0.0,0.0,0.0,0.0,0.008351675234735012,7.711106300354004,17.3278751373291,720.0,0.0008502372656948864
720.0,12.0,2974498048.0,369951200.0,65666192.0,4949806782.012695,4884168813.78125,164990534.33925146,38641.25,420.0,0.0,0.0,0.0,0.0,0.006919723469763994,7.640254974365234,17.37648582458496,723.0,0.0007075536996126175
725.0,12.083333333333334,2974519296.0,363134880.0,64456420.0,4956404426.523926,4891976341.78125,165210451.79076076,37682.20703125,420.0,0.0,0.0,0.0,0.0,0.004755628760904074,7.569608688354492,17.470701217651367,729.0,0.000489856640342623
730.0,12.166666666666666,2974537984.0,356443232.0,63268928.0,4962880507.502441,4899639825.78125,165426317.1994779,36750.34375,420.0,0.0,0.0,0.0,0.0,0.003272097557783127,7.499884605407715,17.559406280517578,735.0,0.00033919463749043643
735.0,12.25,2974552832.0,349872672.0,62103284.0,4969237229.087402,4907162293.78125,165638204.03415096,36293.81640625,420.0,0.0,0.0,0.0,0.0,0.0027159543242305517,7.430690765380859,17.601131439208984,738.0,0.00028225115966051817
740.0,12.333333333333334,2974564352.0,343424672.0,60959044.0,4975476776.759766,4914546017.78125,165846185.14369962,35399.5625,420.0,0.0,0.0,0.0,0.0,0.0018739630468189716,7.362252235412598,17.676795959472656,744.0,0.00019552651792764664
745.0,12.416666666666666,2974574080.0,337100896.0,59835916.0,4981601381.549316,4921793805.78125,166050334.89341813,34528.76953125,420.0,0.0,0.0,0.0,0.0,0.0012948015937581658,7.294585227966309,17.73339080810547,750.0,0.00013551955635193735
750.0,12.5,2974583552.0,330893728.0,58733552.0,4987613219.982422,4928907885.78125,166250725.8338343,34101.47265625,420.0,0.0,0.0,0.0,0.0,0.0010770374210551381,7.227489948272705,17.747119903564453,753.0,0.00011283453204669058
755.0,12.583333333333334,2974596608.0,324800128.0,57651544.0,4993514349.702148,4935890965.78125,166447426.5514836,33266.0546875,420.0,0.0,0.0,0.0,0.0,0.0007462157518602908,7.1608099937438965,17.748716354370117,759.0,7.837261364329606e-05
760.0,12.666666666666666,2974612480.0,318817120.0,56589496.0,4999306796.716309,4942745441.78125,166640504.57916293,32452.978515625,420.0,0.0,0.0,0.0,0.0,0.0005185036570765078,7.094908237457275,17.748926162719727,765.0,5.452815821627155e-05
765.0,12.75,2974631168.0,312941984.0,55547008.0,5004992520.409668,4949473741.78125,166830025.22827348,32054.724609375,420.0,0.0,0.0,0.0,0.0,0.000432920060120523,7.029392719268799,17.74896240234375,768.0,4.5518776460085064e-05
770.0,12.833333333333334,2974649856.0,307174432.0,54523688.0,5010573458.202637,4956078425.78125,167016053.07695526,31274.60546875,420.0,0.0,0.0,0.0,0.0,0.0003027942148037255,6.964581489562988,17.74901008605957,774.0,3.1778818083694205e-05
775.0,12.916666666666666,2974665728.0,301512768.0,53519180.0,5016051538.498535,4962561113.78125,167198652.40598932,30515.5234375,420.0,0.0,0.0,0.0,0.0,0.00021275288600008935,6.900470733642578,17.749027252197266,774.0,2.224359559477307e-05
780.0,13.0,2974677504.0,295953952.0,52533136.0,5021428634.967285,4968924417.78125,167377885.6687196,30143.3359375,420.0,0.0,0.0,0.0,0.0,0.00017869511793833226,6.836852550506592,17.749032974243164,774.0,1.862597855506465e-05
785.0,13.083333333333334,2974686976.0,290500896.0,51565216.0,5026706613.787109,4975170433.78125,167553815.07049397,29413.859375,420.0,0.0,0.0,0.0,0.0,0.00012656283797696233,6.773771286010742,17.749032974243164,774.0,1.2960277672391385e-05
790.0,13.166666666666666,2974695936.0,285154528.0,50615184.0,5031887408.431152,4981301445.78125,167726505.05895358,28702.255859375,420.0,0.0,0.0,0.0,0.0,9.01447783689946e-05,6.711381435394287,17.749032974243164,774.0,9.041229532158468e-06
795.0,13.25,2974707200.0,279905504.0,49682756.0,5036972853.913574,4987319473.78125,167896016.8011755,28353.71484375,420.0,0.0,0.0,0.0,0.0,7.625122088938951e-05,6.649393558502197,17.749032974243164,774.0,7.562072823930066e-06
800.0,13.333333333333334,2974722304.0,274750176.0,48767548.0,5041964661.233398,4993226741.78125,168062407.32816282,27670.783203125,420.0,0.0,0.0,0.0,0.0,5.4818683565827087e-05,6.588006973266602,17.749032974243164,774.0,5.30555962541257e-06
805.0,13.416666666666666,2974739712.0,269688960.0,47869204.0,5046864517.520508,4999024849.78125,168225732.87688565,27005.16796875,420.0,0.0,0.0,0.0,0.0,3.966266376664862e-05,6.5272111892700195,17.749032974243164,774.0,3.735226300705108e-06
810.0,13.5,2974757376.0,264720544.0,46987416.0,5051674113.198242,5004716353.78125,168386049.79400417,26679.52734375,420.0,0.0,0.0,0.0,0.0,3.3825315767899156e-05,6.4670491218566895,17.749032974243164,774.0,3.1396780286740977e-06
815.0,13.583333333333334,2974773248.0,259841888.0,46121852.0,5056395085.333496,5010302933.78125,168543412.6465848,26039.9765625,420.0,0.0,0.0,0.0,0.0,2.4744254915276542e-05,6.407487869262695,17.749032974243164,774.0,2.22372000280302e-06
820.0,13.666666666666666,2974786304.0,255052768.0,45272192.0,5061029044.879883,5015786677.78125,168697875.13295907,25418.115234375,420.0,0.0,0.0,0.0,0.0,1.825517028919421e-05,6.3481292724609375,17.749032974243164,774.0,1.582375489306287e-06
825.0,13.75,2974798848.0,250354656.0,44438180.0,5065577620.370605,5021169169.78125,168849491.53652537,25112.955078125,420.0,0.0,0.0,0.0,0.0,1.5734893167973496e-05,6.289756774902344,17.749032974243164,774.0,1.3367008477871423e-06
830.0,13.833333333333334,2974808576.0,245743040.0,43619548.0,5070042414.6484375,5026452537.78125,168998315.2838286,24513.994140625,420.0,0.0,0.0,0.0,0.0,1.1780745808209758e-05,6.231673717498779,17.749032974243164,774.0,9.566518883730168e-07
835.0,13.916666666666666,2974817792.0,241215728.0,42815992.0,5074424959.07373,5031638945.78125,169144397.42018315,23930.30078125,420.0,0.0,0.0,0.0,0.0,8.919168067222927e-06,6.1740312576293945,17.749032974243164,774.0,6.875702638353687e-07
840.0,14.0,2974830848.0,236770496.0,42027220.0,5078726753.560547,5036729501.78125,169287787.9415144,23643.759765625,420.0,0.0,0.0,0.0,0.0,7.796582394803409e-06,6.117046356201172,17.749032974243164,774.0,5.837541152686754e-07
845.0,14.083333333333334,2974847744.0,232406560.0,41252952.0,5082949263.387695,5041726373.78125,169428535.68843403,23082.22265625,420.0,0.0,0.0,0.0,0.0,6.018508429406211e-06,6.060469627380371,17.749032974243164,774.0,4.223132634706417e-07
850.0,14.166666666666666,2974864896.0,228123824.0,40492920.0,5087093953.285156,5046631217.78125,169566689.48600283,22535.951171875,420.0,0.0,0.0,0.0,0.0,4.716547209682176e-06,6.0045084953308105,17.749032974243164,774.0,3.070637717428326e-07
855.0,14.25,2974879232.0,223921936.0,39746900.0,5091162283.473389,5051445525.78125,169702298.00587985,22267.65625,420.0,0.0,0.0,0.0,0.0,4.201187039143406e-06,5.949065685272217,17.749032974243164,774.0,2.622169574806321e-07
860.0,14.333333333333334,2974893312.0,219797952.0,39014640.0,5095155686.148926,5056171257.78125,169835408.98771656,21740.935546875,420.0,0.0,0.0,0.0,0.0,3.3773694667615928e-06,5.894115447998047,17.749032974243164,774.0,1.918297556358084e-07
865.0,14.416666666666666,2974906368.0,215748448.0,38295888.0,5099075530.289551,5060810033.78125,169966068.06373876,21227.62109375,420.0,0.0,0.0,0.0,0.0,2.7666114874591585e-06,5.839665412902832,17.749032974243164,774.0,1.4098868916789797e-07
870.0,14.5,2974919680.0,211772240.0,37590356.0,5102923141.577148,5065363249.78125,170094319.42216495,20975.896484375,420.0,0.0,0.0,0.0,0.0,2.522283693906502e-06,5.785715579986572,17.749032974243164,774.0,1.2108246494335617e-07
875.0,14.583333333333334,2974932224.0,207869216.0,36897792.0,5106699842.422852,5069832505.78125,170220207.14212427,20482.31640625,420.0,0.0,0.0,0.0,0.0,2.1279768134263577e-06,5.732316493988037,17.749032974243164,774.0,8.963397135630657e-08
880.0,14.666666666666666,2974943744.0,204037584.0,36217952.0,5110406930.705811,5074219521.78125,170343774.4858964,20000.65234375,420.0,0.0,0.0,0.0,0.0,1.8317367675990681e-06,5.679419994354248,17.749032974243164,774.0,6.664153318070021e-08
885.0,14.75,2974956800.0,200279072.0,35550616.0,5114045704.188477,5078525745.78125,170465064.71157113,19764.568359375,420.0,0.0,0.0,0.0,0.0,1.712130028863612e-06,5.626904487609863,17.749032974243164,774.0,5.756917786925442e-08
890.0,14.833333333333334,2974971136.0,196591424.0,34895592.0,5117617470.581543,5082752373.78125,170584121.40850714,19300.96484375,420.0,0.0,0.0,0.0,0.0,1.5174480267887702e-06,5.574871063232422,17.749032974243164,774.0,4.3103131730504174e-08
895.0,14.916666666666666,2974984960.0,192970128.0,34252648.0,5121123458.990234,5086901357.78125,170700985.5464084,18849.462890625,420.0,0.0,0.0,0.0,0.0,1.3693662594960188e-06,5.5233073234558105,17.749032974243164,774.0,3.243296831101361e-08
900.0,15.0,2974999552.0,189414240.0,33621548.0,5124564851.86499,5090973789.78125,170815696.53889382,18627.90234375,420.0,0.0,0.0,0.0,0.0,1.308980017711292e-06,5.4721760749816895,17.749032974243164,774.0,2.8181695199691603e-08
905.0,15.083333333333334,2975015168.0,185923712.0,33002072.0,5127942828.428711,5094971419.78125,170928293.69371784,18193.529296875,420.0,0.0,0.0,0.0,0.0,1.209744141306146e-06,5.421525478363037,17.749032974243164,774.0,2.1358252055847515e-08
910.0,15.166666666666666,2975030016.0,182496864.0,32393998.0,5131258550.478027,5098895203.78125,171038815.73583937,17769.58203125,420.0,0.0,0.0,0.0,0.0,1.1332888334436575e-06,5.3714280128479,17.749032974243164,774.0,1.6257946100495246e-08
915.0,15.25,2975042560.0,179132352.0,31797102.0,5134513150.217529,5102746743.78125,171147300.4048085,17561.42578125,420.0,0.0,0.0,0.0,0.0,1.1018223631253932e-06,5.321866035461426,17.749032974243164,774.0,1.42077256626294e-08
920.0,15.333333333333334,2975055104.0,175831856.0,31211192.0,5137707759.892578,5106527301.78125,171253785.4415414,17152.189453125,420.0,0.0,0.0,0.0,0.0,1.0496530649106717e-06,5.272716045379639,17.749032974243164,774.0,1.0882966527958615e-08
925.0,15.416666666666666,2975067392.0,172594704.0,30636106.0,5140843536.896484,5110238287.78125,171358309.425265,16753.75,420.0,0.0,0.0,0.0,0.0,1.0089866009366233e-06,5.223874568939209,17.749032974243164,774.0,8.378178151247084e-09
930.0,15.5,2975079680.0,169416720.0,30071660.0,5143921581.864258,5113880795.78125,171460909.04298022,16558.626953125,420.0,0.0,0.0,0.0,0.0,9.92100922303507e-07,5.175500869750977,17.749032974243164,774.0,7.365535736880702e-09
935.0,15.583333333333334,2975092736.0,166295824.0,29517638.0,5146942937.668945,5117456209.78125,171561619.05666438,16175.0830078125,420.0,0.0,0.0,0.0,0.0,9.638545179768698e-07,5.127657890319824,17.749032974243164,774.0,5.7099351913336704e-09
940.0,15.666666666666666,2975105792.0,163231744.0,28973818.0,5149908628.952393,5120965815.78125,171660473.62008852,15801.2216796875,420.0,0.0,0.0,0.0,0.0,9.415585395800008e-07,5.080057144165039,17.749032974243164,774.0,4.447114232419835e-09
945.0,15.75,2975119104.0,160223504.0,28440012.0,5152819670.852539,5124410667.78125,171757506.57113728,15618.2001953125,420.0,0.0,0.0,0.0,0.0,9.322148457613366e-07,5.0331244468688965,17.749032974243164,774.0,3.932425496344649e-09
950.0,15.833333333333334,2975133184.0,157270272.0,27916026.0,5155677059.825684,5127792069.78125,171852751.1241833,15258.1162109375,420.0,0.0,0.0,0.0,0.0,9.164464245259296e-07,4.986708164215088,17.749032974243164,774.0,3.0834077513475222e-09
955.0,15.916666666666666,2975148544.0,154370832.0,27401662.0,5158481776.340576,5131111119.78125,171946239.96086726,14906.595703125,420.0,0.0,0.0,0.0,0.0,9.038656116899801e-07,4.940661430358887,17.749032974243164,774.0,2.4279098731483373e-09
960.0,16.0,2975163136.0,151524880.0,26896754.0,5161234781.800293,5134369069.78125,172038005.1271008,14733.8154296875,420.0,0.0,0.0,0.0,0.0,8.985512067738455e-07,4.895030975341797,17.749032974243164,774.0,2.15757545163342e-09
965.0,16.083333333333332,2975177728.0,148734464.0,26401152.0,5163937058.315674,5137567059.78125,172128079.35948217,14394.583984375,420.0,0.0,0.0,0.0,0.0,8.895104883777094e-07,4.849714756011963,17.749032974243164,774.0,1.7093800819267813e-09
970.0,16.166666666666668,2975192320.0,145996896.0,25914726.0,5166589589.961914,5140706075.78125,172216495.4600538,14064.103515625,420.0989074707031,0.0,0.0,0.0,0.0,8.822129302643589e-07,4.8047919273376465,17.749032974243164,774.0,1.3605567783514516e-09
975.0,16.25,2975205888.0,143309040.0,25437310.0,5169193293.849365,5143787253.78125,172303283.9982379,13901.7490234375,420.1861877441406,0.0,0.0,0.0,0.0,8.79104277373699e-07,4.760331630706787,17.749032974243164,774.0,1.2156361473003585e-09
980.0,16.333333333333332,2975218688.0,140669584.0,24968712.0,5171749053.726074,5146811705.78125,172388474.4321222,13583.18359375,420.1861877441406,0.0,0.0,0.0,0.0,8.737719099372043e-07,4.7162981033325195,17.749032974243164,774.0,9.73666480774682e-10
985.0,16.416666666666668,2975233280.0,138077840.0,24508746.0,5174257732.662842,5149780389.78125,172472095.53016758,13272.998046875,420.1861877441406,0.0,0.0,0.0,0.0,8.694190682945191e-07,4.6727471351623535,17.749032974243164,774.0,7.834686233110233e-10
990.0,16.5,2975247104.0,135533280.0,24057248.0,5176720185.831543,5152694371.78125,172554175.79757446,13120.697265625,420.1861877441406,0.0,0.0,0.0,0.0,8.67547498728527e-07,4.629580974578857,17.749032974243164,774.0,7.038564175942952e-10
995.0,16.583333333333332,2975260672.0,133035264.0,23614050.0,5179137255.406006,5155554731.78125,172634743.30647147,12821.49609375,420.1861877441406,0.0,0.0,0.0,0.0,8.643128239782527e-07,4.586732864379883,17.749032974243164,774.0,5.697572413865259e-10
1000.0,16.666666666666668,2975273984.0,130583784.0,23179000.0,5181509778.458252,5158362447.78125,172713825.95836177,12529.9287109375,420.1861877441406,0.0,0.0,0.0,0.0,8.616474929112883e-07,4.544247150421143,17.749032974243164,774.0,4.63200811040565e-10
1005.0,16.75,2975286016.0,128178440.0,22751972.0,5183838592.510742,5161118333.78125,172791451.67024034,12386.7509765625,420.1861877441406,0.0,0.0,0.0,0.0,8.604927757005498e-07,4.502249717712402,17.749032974243164,774.0,4.1825742869150417e-10
1010.0,16.833333333333332,2975297536.0,125817144.0,22332818.0,5186124508.829102,5163823525.78125,172867647.48366192,12105.2373046875,420.1861877441406,0.0,0.0,0.0,0.0,8.584830197833071e-07,4.460632801055908,17.749032974243164,774.0,3.419502458967827e-10
1015.0,16.916666666666668,2975310592.0,123498928.0,21921382.0,5188368310.55127,5166478881.78125,172942439.50315824,11830.0537109375,420.1861877441406,0.0,0.0,0.0,0.0,8.568099474359769e-07,4.419386386871338,17.749032974243164,774.0,2.80563905441511e-10
1020.0,17.0,2975327232.0,121223024.0,21517520.0,5190570766.098145,5169085183.78125,173015853.34185573,11695.2548828125,420.1861877441406,0.0,0.0,0.0,0.0,8.560795663470344e-07,4.378533363342285,17.749032974243164,774.0,2.545587074465061e-10
1025.0,17.083333333333332,2975342848.0,118988568.0,21121080.0,5192732628.42627,5171643561.78125,173087914.0986072,11430.498046875,420.1861877441406,0.0,0.0,0.0,0.0,8.547992251806136e-07,4.33807897567749,17.749032974243164,774.0,2.1014867623847522e-10
1030.0,17.166666666666668,2975356672.0,116796056.0,20731934.0,5194854646.366455,5174154765.78125,173158646.73319432,11172.4443359375,420.1861877441406,0.0,0.0,0.0,0.0,8.537234066352539e-07,4.297944068908691,17.749032974243164,774.0,1.741833899338019e-10
1035.0,17.25,2975370496.0,114645016.0,20349960.0,5196937574.971924,5176619735.78125,173228076.4137755,11045.6513671875,420.1861877441406,0.0,0.0,0.0,0.0,8.532506399205886e-07,4.25811243057251,17.749032974243164,774.0,1.587880382736273e-10
1040.0,17.333333333333332,2975385856.0,112533176.0,19975040.0,5198982140.140625,5179039355.78125,173296227.3367818,10796.90625,420.1861877441406,0.0,0.0,0.0,0.0,8.524159511580365e-07,4.218629360198975,17.749032974243164,774.0,1.3234885409829644e-10
1045.0,17.416666666666668,2975401216.0,110459576.0,19607028.0,5200989036.495361,5181414277.78125,173363122.65536895,10553.93359375,420.1861877441406,0.0,0.0,0.0,0.0,8.517078526892874e-07,4.179598331451416,17.749032974243164,774.0,1.1069611893788078e-10
1050.0,17.5,2975415808.0,108423888.0,19245782.0,5202958949.679321,5183745507.78125,173428785.22433493,10434.7744140625,420.1861877441406,0.0,0.0,0.0,0.0,8.513943043908512e-07,4.14092493057251,17.749032974243164,774.0,1.0138279105120773e-10
1055.0,17.583333333333332,2975429120.0,106425560.0,18891176.0,5204892557.187134,5186033829.78125,173493237.62627816,10200.923828125,420.1861877441406,0.0,0.0,0.0,0.0,8.508372388860153e-07,4.102604389190674,17.749032974243164,774.0,8.527706318872674e-11
1060.0,17.666666666666668,2975442432.0,104464032.0,18543094.0,5206790525.922485,5188279969.78125,173556502.09107655,9972.845703125,420.1861877441406,0.0,0.0,0.0,0.0,8.503608341925428e-07,4.064626216888428,17.749032974243164,774.0,7.198902585159317e-11
1065.0,17.75,2975455744.0,102539784.0,18201420.0,5208653522.355347,5190484717.78125,173618600.8336466,9860.5751953125,420.1861877441406,0.0,0.0,0.0,0.0,8.501485808665166e-07,4.0270185470581055,17.749032974243164,774.0,6.621392323324926e-11
1070.0,17.833333333333332,2975468288.0,100651272.0,17866040.0,5210482206.940186,5192648841.78125,173679555.86890444,9640.130859375,420.1861877441406,0.0,0.0,0.0,0.0,8.497693215758773e-07,3.9898033142089844,17.749032974243164,774.0,5.616185294599063e-11
1075.0,17.916666666666668,2975480064.0,98797064.0,17536842.0,5212277207.752197,5194772963.78125,173739388.13232797,9424.7138671875,420.1861877441406,0.0,0.0,0.0,0.0,8.494420740134956e-07,3.952808141708374,17.749032974243164,774.0,4.778666351512584e-11
1080.0,18.0,2975491840.0,96976776.0,17213716.0,5214039138.258423,5196858015.78125,173798118.07262492,9318.9599609375,420.1861877441406,0.0,0.0,0.0,0.0,8.492954748362536e-07,3.916229486465454,17.749032974243164,774.0,4.4135028964831235e-11
1085.0,18.083333333333332,2975506176.0,95189496.0,16896540.0,5215768601.749756,5198904601.78125,173855765.79871178,9111.734375,420.1861877441406,0.0,0.0,0.0,0.0,8.490317782161583e-07,3.8799383640289307,17.749032974243164,774.0,3.775330048583214e-11
1090.0,18.166666666666668,2975522560.0,93434792.0,16585201.0,5217466187.733154,5200913566.78125,173912350.96068364,8909.5361328125,420.1861877441406,0.0,0.0,0.0,0.0,8.488024150210549e-07,3.8440661430358887,17.749032974243164,774.0,3.2400138127997025e-11
1095.0,18.25,2975537920.0,91712312.0,16279589.0,5219132478.98291,5202885532.78125,173967892.98395285,8810.298828125,420.1861877441406,0.0,0.0,0.0,0.0,8.486990168421471e-07,3.8084912300109863,17.749032974243164,774.0,3.005201643091482e-11
1100.0,18.333333333333332,2975552000.0,90022448.0,15979603.0,5220768057.258911,5204821147.78125,174022411.26032808,8614.9892578125,420.1861877441406,0.0,0.0,0.0,0.0,8.485121156809328e-07,3.7732205390930176,17.749032974243164,774.0,2.5906499168115715e-11
1105.0,18.416666666666668,2975566592.0,88364968.0,15685159.0,5222373511.873779,5206721082.78125,174075925.43302554,8424.5205078125,420.1861877441406,0.0,0.0,0.0,0.0,8.483484634780325e-07,3.738245725631714,17.749032974243164,774.0,2.240480023729674e-11
1110.0,18.5,2975581952.0,86737840.0,15396162.0,5223949407.359497,5208586028.78125,174128454.31960332,8331.0546875,420.1861877441406,0.0,0.0,0.0,0.0,8.482742259730003e-07,3.703594207763672,17.749032974243164,774.0,2.0860313476589454e-11
1115.0,18.583333333333332,2975596544.0,85140064.0,15112501.0,5225496279.038818,5210416546.78125,174180015.76368997,8147.4755859375,420.1861877441406,0.0,0.0,0.0,0.0,8.481392796966247e-07,3.6692748069763184,17.749032974243164,774.0,1.8124002298947062e-11
1120.0,18.666666666666668,2975610880.0,83571232.0,14834069.0,5227014651.803589,5212213388.78125,174230627.2612501,7968.17822265625,420.1861877441406,0.0,0.0,0.0,0.0,8.480202495775302e-07,3.635274648666382,17.749032974243164,774.0,1.5791756791116995e-11
1125.0,18.75,2975623936.0,82030984.0,14560760.0,5228505043.055908,5213977102.78125,174280306.05898494,7880.11181640625,420.1861877441406,0.0,0.0,0.0,0.0,8.479659072690993e-07,3.601633310317993,17.749032974243164,774.0,1.4756473820654037e-11
1130.0,18.833333333333332,2975636736.0,80518776.0,14292477.0,5229967962.931152,5215708306.78125,174329069.1608354,7707.517578125,420.1861877441406,0.0,0.0,0.0,0.0,8.478667155031872e-07,3.5683045387268066,17.749032974243164,774.0,1.2916667735396459e-11
1135.0,18.916666666666668,2975648512.0,79034224.0,14029120.0,5231403912.001343,5217407657.78125,174376933.25240862,7538.646484375,420.1861877441406,0.0,0.0,0.0,0.0,8.47778551360534e-07,3.5353124141693115,17.749032974243164,774.0,1.133454441415438e-11
1140.0,19.0,2975661056.0,77577216.0,13770605.0,5232813386.841675,5219075692.78125,174423914.88563138,7455.607421875,420.1861877441406,0.0,0.0,0.0,0.0,8.477381925331429e-07,3.5024659633636475,17.749032974243164,774.0,1.0627776436678005e-11
1145.0,19.083333333333332,2975673856.0,76148352.0,13516852.0,5234196887.61792,5220712986.78125,174470030.7325267,7292.50830078125,420.1861877441406,0.0,0.0,0.0,0.0,8.476641255583672e-07,3.470064163208008,17.749032974243164,774.0,9.363010367025026e-12
1150.0,19.166666666666668,2975685632.0,74746680.0,13267800.0,5235554916.76355,5222320039.78125,174515297.5409268,7133.5048828125,420.1861877441406,0.0,0.0,0.0,0.0,8.475979029753944e-07,3.437917709350586,17.749032974243164,774.0,8.272327267633273e-12
1155.0,19.25,2975696896.0,73370400.0,13023357.0,5236887945.344116,5223897560.78125,174559731.01215225,7055.306640625,420.1861877441406,0.0,0.0,0.0,0.0,8.475674917463039e-07,3.406069278717041,17.749032974243164,774.0,7.782607891471116e-12
1160.0,19.333333333333332,2975707904.0,72019112.0,12783428.0,5238196426.024048,5225446036.78125,174603346.23518658,6901.703125,420.1861877441406,0.0,0.0,0.0,0.0,8.475113304484694e-07,3.374506950378418,17.749032974243164,774.0,6.901923477187211e-12
1165.0,19.416666666666668,2975720704.0,70692344.0,12547928.0,5239480804.523193,5226965884.78125,174646158.0669199,6752.00927734375,420.1861877441406,0.0,0.0,0.0,0.0,8.47460853492521e-07,3.3432469367980957,17.749032974243164,774.0,6.137867991640178e-12
1170.0,19.5,2975735296.0,69389680.0,12316763.0,5240741518.9279785,5228457800.78125,174688181.11003658,6678.4658203125,420.1861877441406,0.0,0.0,0.0,0.0,8.474374908473692e-07,3.312286138534546,17.749032974243164,774.0,5.793476809401454e-12
1175.0,19.583333333333332,2975749888.0,68110720.0,12089850.0,5241978998.653809,5229922237.78125,174729429.6780404,6533.798828125,420.1861877441406,0.0,0.0,0.0,0.0,8.47394289849035e-07,3.2815864086151123,17.749032974243164,774.0,5.170364136830585e-12
1180.0,19.666666666666668,2975765248.0,66855452.0,11867109.0,5243193669.619751,5231359687.78125,174769917.96790048,6392.669921875,420.1861877441406,0.0,0.0,0.0,0.0,8.473551815768587e-07,3.251163959503174,17.749032974243164,774.0,4.62596627670564e-12
1185.0,19.75,2975780864.0,65623984.0,11648471.0,5244385960.762695,5232770604.78125,174809660.27741072,6323.22216796875,420.1861877441406,0.0,0.0,0.0,0.0,8.473370485262421e-07,3.2209556102752686,17.749032974243164,774.0,4.379108187180236e-12
1190.0,19.833333333333332,2975796224.0,64415160.0,11433867.0,5245556290.8029785,5234155567.78125,174848670.56351572,6187.1201171875,420.1861877441406,0.0,0.0,0.0,0.0,8.473033403788577e-07,3.191084146499634,17.749032974243164,774.0,3.932132397466148e-12
1195.0,19.916666666666668,2975810816.0,63228260.0,11223216.0,5246705059.736694,5235515015.78125,174886962.15918162,6054.369140625,420.1861877441406,0.0,0.0,0.0,0.0,8.472726449326728e-07,3.161498785018921,17.749032974243164,774.0,3.539391002504999e-12
1200.0,20.0,2975824640.0,62062944.0,11016440.0,5247832658.872925,5236849404.78125,174924548.1079359,5989.01806640625,420.1861877441406,0.0,0.0,0.0,0.0,8.472583203911199e-07,3.132195472717285,17.749032974243164,774.0,3.360423050935424e-12
1205.0,20.083333333333332,2975838208.0,60918976.0,10813467.0,5248939474.637573,5238159250.78125,174961441.2903695,5860.921875,420.1861877441406,0.0,0.0,0.0,0.0,8.472317176710931e-07,3.1031432151794434,17.749032974243164,774.0,3.0350166824177904e-12
1210.0,20.166666666666668,2975849984.0,59796244.0,10614227.0,5250025889.622803,5239444939.78125,174997654.45938063,5735.8046875,420.1861877441406,0.0,0.0,0.0,0.0,8.472072750009829e-07,3.0743765830993652,17.749032974243164,774.0,2.747024829830025e-12
1215.0,20.25,2975861504.0,58694852.0,10418653.0,5251092287.954834,5240706976.78125,175033200.41876256,5674.36328125,420.1861877441406,0.0,0.0,0.0,0.0,8.471959063172108e-07,3.045884847640991,17.749032974243164,774.0,2.6156299348656376e-12
1220.0,20.333333333333332,2975873536.0,57613720.0,10226696.0,5252139045.103149,5241945713.78125,175068091.68397847,5553.5283203125,420.1861877441406,0.0,0.0,0.0,0.0,8.47174590035138e-07,3.017627000808716,17.749032974243164,774.0,2.3748780719756724e-12
1225.0,20.416666666666668,2975885824.0,56552240.0,10038277.0,5253166519.12793,5243161629.78125,175102340.1902407,5435.486328125,420.1861877441406,0.0,0.0,0.0,0.0,8.47154979055631e-07,2.989654779434204,17.749032974243164,774.0,2.1607160505254797e-12
1230.0,20.5,2975897856.0,55510092.0,9853325.0,5254175060.793518,5244355191.78125,175135957.62919816,5377.39599609375,420.1861877441406,0.0,0.0,0.0,0.0,8.471458272651944e-07,2.9619274139404297,17.749032974243164,774.0,2.062405801694922e-12
1235.0,20.583333333333332,2975910144.0,54486948.0,9671774.0,5255165015.194641,5245526732.78125,175168955.5042818,5263.63623046875,420.1861877441406,0.0,0.0,0.0,0.0,8.471284900224418e-07,2.9345169067382812,17.749032974243164,774.0,1.882383138251953e-12
1240.0,20.666666666666668,2975921664.0,53482496.0,9493561.0,5256136721.342163,5246676659.78125,175201345.11539122,5152.6689453125,420.1861877441406,0.0,0.0,0.0,0.0,8.471125738651608e-07,2.9073376655578613,17.749032974243164,774.0,1.7216783554374615e-12
1245.0,20.75,2975932160.0,52497028.0,9318624.0,5257090517.250305,5247805443.78125,175233137.72943586,5098.11669921875,420.1861877441406,0.0,0.0,0.0,0.0,8.4710512737729e-07,2.8804233074188232,17.749032974243164,774.0,1.6476819908461948e-12
1250.0,20.833333333333332,2975942400.0,51530160.0,9146911.0,5258026743.88324,5248913406.78125,175264344.71167952,4990.873046875,420.1861877441406,0.0,0.0,0.0,0.0,8.470909733659937e-07,2.853743076324463,17.749032974243164,774.0,1.511235581119763e-12
1255.0,20.916666666666668,2975952384.0,50580884.0,8978364.0,5258945725.750977,5250000948.78125,175294976.8789971,4885.67822265625,420.1861877441406,0.0,0.0,0.0,0.0,8.470778993796557e-07,2.827256202697754,17.749032974243164,774.0,1.3881118476888332e-12
1260.0,21.0,2975962880.0,49648880.0,8812922.0,5259847776.259216,5251068498.78125,175325044.6780222,4834.1044921875,420.1861877441406,0.0,0.0,0.0,0.0,8.470717602904188e-07,2.8010122776031494,17.749032974243164,774.0,1.331434962281719e-12
1265.0,21.083333333333332,2975974656.0,48733880.0,8650530.0,5260733204.135742,5252116343.78125,175354558.3994803,4733.00537109375,420.1861877441406,0.0,0.0,0.0,0.0,8.470600505461334e-07,2.7749991416931152,17.749032974243164,774.0,1.226796442210798e-12
1270.0,21.166666666666668,2975986176.0,47835580.0,8491127.0,5261602312.473755,5253144873.78125,175383528.14627892,4634.32666015625,420.1861877441406,0.0,0.0,0.0,0.0,8.47049193453131e-07,2.7493019104003906,17.749032974243164,774.0,1.132482996268891e-12
1275.0,21.25,2975998464.0,46953736.0,8334656.0,5262455399.762939,5254154444.28125,175411963.8678911,4585.91796875,420.1861877441406,0.0,0.0,0.0,0.0,8.470440775454335e-07,2.7237932682037354,17.749032974243164,774.0,1.0888512314011223e-12
1280.0,21.333333333333332,2976010752.0,46088348.0,8181064.5,5263292761.263245,5255145398.28125,175439875.40617904,4490.404296875,420.1861877441406,0.0,0.0,0.0,0.0,8.470343573208083e-07,2.6985299587249756,17.749032974243164,774.0,1.0075273948473296e-12
1285.0,21.416666666666668,2976023808.0,45239664.0,8030309.5,5264114696.613953,5256118127.78125,175467272.74894077,4397.3115234375,420.1861877441406,0.0,0.0,0.0,0.0,8.470252623737906e-07,2.67348051071167,17.749032974243164,774.0,9.33975119465913e-13
1290.0,21.5,2976037888.0,44406656.0,7882345.0,5264921498.222473,5257072922.78125,175494165.64285225,4351.509765625,420.1861877441406,0.0,0.0,0.0,0.0,8.470209422739572e-07,2.648603677749634,17.749032974243164,774.0,8.997802503074581e-13
1295.0,21.583333333333332,2976054016.0,43588736.0,7737113.5,5265713441.692017,5258010087.78125,175520563.2745575,4261.3955078125,420.1861877441406,0.0,0.0,0.0,0.0,8.470127568216412e-07,2.6240506172180176,17.749032974243164,774.0,8.360534486939741e-13
1300.0,21.666666666666668,2976070144.0,42785640.0,7594561.0,5266490796.450317,5258930019.78125,175546474.6247822,4173.70166015625,420.1861877441406,0.0,0.0,0.0,0.0,8.470051398035139e-07,2.5996670722961426,17.749032974243164,774.0,7.782663402622347e-13
1305.0,21.75,2976086016.0,41997068.0,7454632.5,5267253826.348206,5259832992.78125,175571908.48839855,4130.50634765625,420.1861877441406,0.0,0.0,0.0,0.0,8.470015018247068e-07,2.5755772590637207,17.749032974243164,774.0,7.512324096126122e-13
1310.0,21.833333333333332,2976100608.0,41222816.0,7317278.5,5268002790.99884,5260719335.78125,175596873.51909715,4045.977783203125,420.1861877441406,0.0,0.0,0.0,0.0,8.469945669276058e-07,2.5516550540924072,17.749032974243164,774.0,7.010503288995551e-13
1315.0,21.916666666666668,2976114688.0,40462672.0,7182444.5,5268737946.217163,5261589326.78125,175621378.2437498,3963.497314453125,420.1861877441406,0.0,0.0,0.0,0.0,8.469880299344368e-07,2.5279574394226074,17.749032974243164,774.0,6.551981179825361e-13
1320.0,22.0,2976127232.0,39716552.0,7050087.0,5269459545.092468,5262443323.28125,175645431.09864274,3922.90869140625,420.1861877441406,0.0,0.0,0.0,0.0,8.469849035463994e-07,2.5045371055603027,17.749032974243164,774.0,6.337708136072706e-13
1325.0,22.083333333333332,2976138752.0,38984588.0,6920162.5,5270167840.157471,5263281565.28125,175669040.50127718,3843.034912109375,420.1861877441406,0.0,0.0,0.0,0.0,8.469790486742568e-07,2.4812655448913574,17.749032974243164,774.0,5.935252289646087e-13
1330.0,22.166666666666668,2976150272.0,38266908.0,6792640.5,5270863089.49585,5264104366.28125,175692215.0543343,3764.836669921875,420.1861877441406,0.0,0.0,0.0,0.0,8.469734211757896e-07,2.4582488536834717,17.749032974243164,774.0,5.566103133958222e-13
1335.0,22.25,2976161024.0,37562448.0,6667482.5,5271545540.749329,5264911984.78125,175714963.01239076,3726.482177734375,420.1861877441406,0.0,0.0,0.0,0.0,8.469707495351031e-07,2.43544864654541,17.749032974243164,774.0,5.392908342116698e-13
1340.0,22.333333333333332,2976171520.0,36870760.0,6544639.0,5272215426.828064,5265704770.78125,175737292.13899937,3651.07666015625,420.1861877441406,0.0,0.0,0.0,0.0,8.469656904708245e-07,2.412858486175537,17.749032974243164,774.0,5.06816810741384e-13
1345.0,22.416666666666668,2976181760.0,36191616.0,6424064.5,5272872975.768188,5266482881.78125,175759210.03518075,3577.533203125,420.1861877441406,0.0,0.0,0.0,0.0,8.469609156236402e-07,2.3904857635498047,17.749032974243164,774.0,4.770073225301985e-13
1350.0,22.5,2976191488.0,35524724.0,6305713.5,5273518410.544189,5267246697.78125,175780724.13329807,3541.4130859375,420.1861877441406,0.0,0.0,0.0,0.0,8.469585850434669e-07,2.368293285369873,17.749032974243164,774.0,4.630185124199215e-13
1355.0,22.583333333333332,2976200192.0,34869972.0,6189540.0,5274151950.628113,5267996410.28125,175801841.74893132,3470.47607421875,420.1861877441406,0.0,0.0,0.0,0.0,8.469541512567957e-07,2.346289873123169,17.749032974243164,774.0,4.367062267363053e-13
1360.0,22.666666666666668,2976208384.0,34227220.0,6075502.0,5274773813.279724,5268732320.78125,175822570.1238415,3401.028564453125,420.1861877441406,0.0,0.0,0.0,0.0,8.469500016872189e-07,2.324521541595459,17.749032974243164,774.0,4.1233683134578314e-13
1365.0,22.75,2976216064.0,33596512.0,5963561.5,5275384214.357727,5269454690.28125,175842916.4533852,3366.95654296875,420.1861877441406,0.0,0.0,0.0,0.0,8.469479553241399e-07,2.3029112815856934,17.749032974243164,774.0,4.0084602304091277e-13
1370.0,22.833333333333332,2976224512.0,32977642.0,5853684.5,5275983370.105225,5270163739.78125,175862887.9454716,3299.929443359375,420.1861877441406,0.0,0.0,0.0,0.0,8.469441468150762e-07,2.2814934253692627,17.749032974243164,774.0,3.791966740607222e-13
1375.0,22.916666666666668,2976234240.0,32370072.0,5745834.0,5276571488.253662,5270859760.28125,175882491.5243469,3234.391845703125,420.1861877441406,0.0,0.0,0.0,0.0,8.469405088362691e-07,2.260340452194214,17.749032974243164,774.0,3.5915714846623814e-13
1380.0,23.0,2976243200.0,31773568.0,5639971.5,5277148769.945068,5271542947.28125,175901733.89457357,3202.367919921875,420.1861877441406,0.0,0.0,0.0,0.0,8.469387466902845e-07,2.2393386363983154,17.749032974243164,774.0,3.4977576390815557e-13
1385.0,23.083333333333332,2976251904.0,31187934.0,5536055.5,5277715412.510376,5272213519.28125,175920621.6337906,3139.064453125,420.1861877441406,0.0,0.0,0.0,0.0,8.469353929285717e-07,2.2185676097869873,17.749032974243164,774.0,3.318456620604593e-13
1390.0,23.166666666666668,2976260352.0,30613076.0,5434049.5,5278271610.695251,5272871737.78125,175939161.23335275,3077.250732421875,420.1861877441406,0.0,0.0,0.0,0.0,8.469321528536966e-07,2.1979711055755615,17.749032974243164,774.0,3.152478278423132e-13
1395.0,23.25,2976267520.0,30049080.0,5333922.5,5278817558.899597,5273517823.78125,175957359.173195,3046.90234375,420.1861877441406,0.0,0.0,0.0,0.0,8.469306749248062e-07,2.1775195598602295,17.749032974243164,774.0,3.0742075551870585e-13
1400.0,23.333333333333332,2976275456.0,29495620.0,5235642.5,5279353450.944214,5274152013.78125,175975221.9138423,2987.32275390625,420.1861877441406,0.0,0.0,0.0,0.0,8.469276622236066e-07,2.157323122024536,17.749032974243164,774.0,2.9254376698872875e-13
1405.0,23.416666666666668,2976282368.0,28952216.0,5139176.5,5279879471.467529,5274774521.28125,175992755.6098405,2928.860107421875,420.1861877441406,0.0,0.0,0.0,0.0,8.469248200526636e-07,2.1372857093811035,17.749032974243164,774.0,2.7861046802968303e-13
1410.0,23.5,2976289792.0,28418664.0,5044486.5,5280395799.564606,5275385557.78125,176009966.23085514,2900.1875,420.1861877441406,0.0,0.0,0.0,0.0,8.469234558106109e-07,2.1174285411834717,17.749032974243164,774.0,2.720601521843946e-13
1415.0,23.583333333333332,2976297472.0,27894836.0,4951537.0,5280902611.352539,5275985344.78125,176026859.6474597,2843.959228515625,420.1861877441406,0.0,0.0,0.0,0.0,8.469208978567622e-07,2.0977869033813477,17.749032974243164,774.0,2.595701431573616e-13
1420.0,23.666666666666668,2976306176.0,27380588.0,4860296.0,5281400080.534851,5276574055.78125,176043441.64952496,2789.0341796875,420.37237548828125,0.0,0.0,0.0,0.0,8.469183399029134e-07,2.078312397003174,17.749032974243164,774.0,2.479683125500287e-13
1425.0,23.75,2976315392.0,26875914.0,4770732.0,5281888379.072479,5277151927.78125,176059717.9690427,2762.037353515625,420.37237548828125,0.0,0.0,0.0,0.0,8.469171461911174e-07,2.058966875076294,17.749032974243164,774.0,2.4241719742690293e-13
1430.0,23.833333333333332,2976325120.0,26380898.0,4682818.5,5282367680.686127,5277719142.28125,176075694.39656922,2708.97412109375,420.37237548828125,0.0,0.0,0.0,0.0,8.469148156109441e-07,2.0398383140563965,17.749032974243164,774.0,2.319255898441952e-13
1435.0,23.916666666666668,2976335872.0,25894992.0,4596526.5,5282838154.720001,5278275924.28125,176091376.57686168,2657.21435546875,420.37237548828125,0.0,0.0,0.0,0.0,8.469125987176085e-07,2.0208847522735596,17.749032974243164,774.0,2.2210011607626257e-13
